x,y,x_pa1,x_pa2,y_pa1
-0.2613353960455722,-0.8783849051082121,1.3802050498234812,-0.003071978858422364,-0.025448881831646286
0.975321933519272,-1.426765514085208,-1.296748834553964,0.5850266682706713,1.4342012588729778
4.583765603170076,0.23741669236393953,-1.7827138518319665,-1.4178203729518164,0.011930954843893504
1.0643723491347599,2.5620765286169,-2.388638889785798,0.912518789415055,-2.160514213778571
0.37420628643850756,0.5008118270684054,2.422268099336249,-0.80909649864202,-0.7225836436252004
0.07873771144513819,-0.8044671493784483,-1.5133488426286974,1.443054700620636,0.281021835534891
6.697622263376574,1.50071869329432,-4.00767453986167,-1.910664138096461,-0.3072217726698521
5.203718035347963,0.5455200543614835,0.7855072087129875,-3.0159746877340257,0.5051579523147383
1.1494040230554445,-1.512560416815544,1.5799024405543545,-0.7526785638110487,1.0680000503199527
2.8073334169329036,-0.37152572773139525,1.04631737968155,-1.618135213400279,0.676632798256921
-0.8326187737574128,-1.8500427601367493,3.14434973562185,-0.312275885368241,1.0535119112954106
-0.7890182811310347,2.5605565584658483,1.1303337576686536,0.2814567843775301,-2.745303409654097
5.033394352268173,1.131476757557066,1.7430497781267924,-3.5145712838688548,-0.44784177514529033
-4.058446249474115,-2.8876128556169065,-1.475384389892577,3.7058362811566896,1.1153389241519311
2.6015134177728703,2.8110172658646153,-2.2476028827819907,0.19372139404251643,-2.2346979854834923
3.019610494116914,0.08469718548760252,-2.406647665540592,-0.11668844167261228,0.5835994146240366
8.370346549796789,-1.2412866931365822,-4.336891163603745,-2.353459326733266,2.408972066829287
-1.1092128021735173,1.3444794400878382,0.1862735322164692,1.0869053963831554,-1.9416933478939067
-5.633766569849057,0.3618715325745221,3.38271887958722,2.306781669778294,-1.8655563058224
-2.1213543931519943,-0.6637094865385765,-1.212454287032303,2.4238368616994768,-0.3590560442889763
0.34787712922754865,-1.3393210491812075,0.4744347009514105,-0.014349646743843092,0.8345598770101506
-2.25066510744286,-2.512690142792421,0.9447682476397894,1.6415295101420129,1.3464050357720385
2.7508898496334386,1.8825946490284562,0.8881029361245489,-1.6789297081061934,-1.701696228713978
-4.363926935921409,-2.0091669652865125,2.9105656764989334,1.9258128609914558,0.7099802058366401
1.501966040039573,-2.205844039402086,-1.037745545437632,0.07739270720360658,2.0151987199527737
-3.1870813867122836,-1.1314310231850637,1.8173771366677,1.7304108093278545,-0.27632036309338637
0.2207439304403903,0.6008884871548399,0.5665127047841895,0.14292626087467347,-1.3417916916564514
-1.4457326331584994,-0.9661548311618897,1.0275136069659565,0.8416776030223594,0.3347157231813186
2.64361840903938,-0.8071657457760371,0.6281224888703066,-1.3011716156331439,0.9597452478026425
1.4442240673807345,-3.3893143076408405,3.031073028870198,-1.6596870775968626,2.747177100443405
-2.396066596153908,-1.642160799711572,-2.5629004000426074,3.4031048413754195,0.7010141964058401
4.93187159173378,2.1263666108078736,-2.5115428665381554,-1.118767073651839,-1.1756805735281082
-2.45194658635602,1.9849987260688389,1.7443517343756123,1.293533894241746,-2.5980553497211893
3.1601080650040605,4.719125168971153,2.269964060627037,-2.5442845065351176,-4.023119626571558
-2.1661219678746138,-2.5961971102683745,1.2836034589998044,1.0861263775957817,1.5468974146334598
1.132418393215548,1.6365673325641796,-2.018396172015389,0.6845374708397836,-1.4617105899570881
3.336989995418799,1.0351157964435806,-0.7873650092853215,-1.0097378663036674,-0.6540612038433266
0.06901603771531091,0.14141611743719423,-0.040727035109558996,0.5442110128503413,-0.7853240715676187
3.8126383199973515,1.4878903927986102,-0.14453772996598843,-1.789482777560877,-1.0290406727887114
-5.198382134142301,2.434630667244493,2.0444377343237607,2.8709182607570813,-3.6519790123552176
5.025667163488759,-3.549759113085935,1.3383628051163097,-3.307259625030947,3.661882544433582
-1.419449798219409,0.9374698069185091,-0.5879878976937931,1.7043611016103215,-1.6679208682919981
2.7325309461056024,-1.7381641581063725,2.8452540204524364,-2.564878702682335,1.5349670142605822
-3.8521927742481425,0.5043158186436127,4.386782461595914,1.0352703039923834,-1.4566304220951327
7.164113967007142,-0.3490627708822581,-1.312209505458494,-3.199678589604419,1.6042846944668905
1.5766504710024245,-2.4635728589526735,0.43483162154669075,-0.531840800356796,2.219644484996867
6.03168460889278,5.073186788114381,-0.536417150315625,-2.843852142292779,-3.808731777397676
2.4368003125513806,-1.6816198855081215,-0.8211277051537966,-0.6029388212930195,1.4820835574702045
2.486774239259005,-0.9860139178567823,-1.0946349621424105,-0.3762001469090501,0.9491677733047499
4.143090459602978,-1.4231007889525649,0.9231862114700804,-2.219008194651473,1.9418068571378022
10.338272580785134,0.8274442764948913,-3.8550855520672673,-4.106752702592321,1.089233904015315
6.692172590011504,3.326059314566424,-0.3015289684115518,-3.620426146403238,-2.183556484494104
1.654537476970762,0.29544834449539165,1.7051436587765625,-1.1205846820534613,-0.5102104691914848
-5.490396002207642,0.1362363920868962,4.067193327352312,2.0083829727740636,-2.3067996468098477
0.7236706396076272,2.2749554766841786,2.7580094856640556,-1.0767480727583094,-2.3548221992722844
1.5122965621607993,-2.1291761726475595,-1.8967560876295984,0.3267857666639449,1.7272494012193915
2.0129852059188558,-4.871626348634691,-1.0007973305020756,-0.17777647360468452,4.457994600000624
1.9719399276060172,-4.632422107105377,-2.8850246508611423,0.7341868439574161,4.234641589979281
1.4862766193314347,-0.4816900376989771,-2.568201617107651,0.6122536498758044,0.3132146780475371
4.391000437225412,-1.4976821704688708,1.7126422896557965,-3.009514755211684,1.981644036269422
1.6865633290799629,-4.0648322334569915,-0.5614249729800376,-0.14234140984623567,3.5255913944800987
4.015595428023726,-1.3539321593901124,1.4021857391927697,-2.3730002854306926,1.5444419330070478
2.9589014039175807,-1.4889919213542966,1.6293751661225275,-2.13999457276681,1.293323993573651
3.311284913447198,-0.13442816435092764,-1.626624640175176,-0.8751211499480804,0.4123435823394539
7.424825882715128,2.2279245382602055,-0.8059256399275674,-3.4713888664101513,-0.9161033569924146
-2.881480751725794,1.3056075767313273,2.8337952021917188,1.1626522012926492,-1.9935548131179879
-1.4268454003189275,0.8369507277906243,0.4011144565696611,1.1394544442441537,-1.7928173252693849
6.124076269195937,2.069039994783583,-1.7833765147465583,-2.507089374445897,-1.3303755687572814
1.9989950459190393,-0.08411609364174005,1.6686636949609412,-1.2632677955725091,-0.25268108891049335
-2.7165109589439287,-1.0398979121197702,0.6782168351884533,1.9035865744662148,0.02121308561295865
3.3361489210565733,-2.9349607052078253,-2.4201586572516613,-0.34519291503666333,2.959501802933983
2.585258230428182,1.8110869602233595,1.7883096902389364,-1.7396067249627958,-1.6779300407802769
-7.870417670377547,-5.054964658044192,0.9410056128625947,4.849458898537283,2.905577190297858
3.7202623403077695,2.837238977845208,0.06405406637657118,-1.7407633958758635,-2.120377794044222
0.5314675991677454,1.0468381830643312,-1.711464258556799,1.0100686478300975,-0.9364989496349484
1.2427611102423197,1.43878837705057,1.7121195743204167,-0.9389726689592509,-1.3753150948880575
4.271816198554036,1.53485168999546,0.4256748243869176,-2.3379699685999524,-0.7909980379840977
-5.639011236994571,-3.815787544204165,4.017241939022683,2.3196385452601778,1.607203646929666
4.201990630923284,-1.2589388253071803,-3.041726891591878,-0.6034208162786813,1.289098535911359
2.998206741892086,1.4947124191914423,-1.8071915795046407,-0.5463872491610433,-1.3356900519006498
2.968394505508966,-1.0725970631731416,-2.592167180977645,-0.21039762836585285,1.1459086375507899
3.416380465522196,3.1425178620501644,-2.487356378365765,-0.5859458846454367,-2.3498573188113805
1.2447407441879221,-1.087702718655678,-2.0437541035989737,0.7941515540264221,0.8536913319360216
-3.5541168016135156,-1.0557083898128534,0.9178854332157211,2.24766675367344,-0.35982679875737855
-4.711304295418943,1.3073023612105479,-1.0024165278136548,4.029442780417364,-2.7669310165634737
5.663789748795018,-2.583088139673605,-1.4340395127700623,-2.233060903689672,3.3408341095759915
-1.647796118852955,-1.2266079342126859,1.8012798349164882,0.8667485709831777,0.60675841125828
0.7213296944109078,2.164584161288896,-0.834064112308115,0.6541317821392778,-2.2993375307294635
-0.45054003034359374,-2.9540877722449395,2.6427292717297313,-0.20654709347785957,2.064885887949051
-2.246969003975557,-1.9654200976802567,1.524698872376248,1.3968391915632423,0.7329850289425707
2.84149602024608,3.455594478348722,-0.8735240786276597,-0.9267851394986122,-2.792834367181355
-0.13016017450974798,1.7957977390333626,0.06418921528552912,0.8721248168142156,-1.9998364963343882
0.9050085862824766,1.9767260376041669,1.7910460505017025,-0.7325953061220781,-1.7942219616584174
2.907324952954126,3.1179238260791924,-2.1187068105423945,-0.39136143423526004,-2.7725635974609415
3.9979563530324267,3.8140908918391667,-2.0559433545112897,-1.0874193959629088,-3.0748667073244373
5.019420910506711,-1.6598407787704375,-2.881592599443449,-1.163914569969176,2.285241831504521
-0.8521461847684155,1.1781466850609201,-2.5840291801958157,2.3090476315825117,-1.5084996671669344
-4.02929379342418,-4.449323016213402,-0.29397003970744406,3.211083212689992,2.496776245507743
-2.6157547403719046,3.0649793225359887,0.16027094061170288,2.0624727329175734,-3.6065273401254716
4.898584463715486,2.462747355104587,0.921164137790693,-2.9751001179040992,-1.5460042235537248
4.8313182849272565,0.6536270983094081,-1.5292302053614368,-1.7582712882570508,0.2427849196776588
2.1123228457152825,1.672544145702707,-0.23737368914232215,-0.538351246480562,-1.1648492902025156
0.403526601992742,-0.9778395710785341,-1.062963973752504,0.9426789075653663,0.3803438813418114
-1.542047638765616,0.24586049211570413,-0.972444121575808,1.9805777093151213,-1.1145766488379296
3.362284937585023,-1.431663750797752,0.8583914599021842,-1.8096937206386081,1.4340678282797135
-3.1062962107477734,-0.3607681907537077,0.7881365754507259,2.003000595360274,-0.5813892094850827
1.45950988371813,2.477453948377541,-2.1802059026893206,0.5125785877208322,-2.550014618085109
2.052974166644089,2.1535368037366727,1.7017210133065908,-1.7114831868172717,-2.079227959778787
1.1145023118925799,5.127073198140088,1.7985229523488124,-0.8804345706296903,-4.639866701291201
3.7909214176819845,3.7512200023201894,0.8243987426132077,-2.288083017278359,-3.239807644066594
3.1580749509998154,2.5425296003832116,-2.373844771071659,-0.3688393119111695,-2.101424560795571
1.7847545884733607,-2.6291827883894983,-1.521642714613982,0.20882136000719842,2.3711388067464596
-3.1690654165929186,-2.1533283929796907,2.258308278597217,1.5032424082960312,0.9419261467352847
-4.091423239871633,-4.314789408126442,0.3251369767021089,2.9443621466698464,2.7357433014313495
-5.494740363961347,1.5734959803107162,1.4330541319120071,3.2075492228239817,-2.913559586909286
-1.5143359436530552,1.7250709831013096,-1.7259737228899137,2.438120341144349,-2.0362346638495104
-3.3825044627051,-1.12627621859873,4.6486257131810245,0.6634021215583528,0.06901593744072676
0.571697094642034,-1.0103415479446822,2.277770279859566,-0.8646479579181907,0.6366683152485085
-0.912623253666693,0.5262460865404286,-1.4310781613429917,1.6225906452598622,-1.0072762956849985
2.690118375161365,4.646358732505275,3.241445522123522,-2.712049622832105,-4.062371927634961
4.475004159267358,1.0050628323354451,1.7110764913688865,-2.9307194514524655,-0.6917765277063097
-2.0988100616498437,-3.3216344733104792,-1.4703352665074068,2.3176593576114444,2.001638440180762
-2.662341872714066,4.582034109819454,-0.7298255815773252,2.731754052637613,-5.066629376117556
-4.203032911751177,2.584864028708871,0.5002993305169534,2.9112384304500685,-3.6494811305705337
-1.6702433319999739,0.509397107459406,-0.18861268844767687,1.4438249484733714,-1.2463523739640046
1.748271333837073,-0.2780354329068483,-4.486891432385865,1.389883705797248,0.12456971028085317
4.1162405173517485,0.2601929173259476,3.0330349281671585,-3.345328934964078,0.44300987457333724
0.8206844422908,0.6607526142276678,-0.2748353476555859,-0.010304170991044442,-0.732905867117133
4.426958087085421,-1.7662178433688298,1.024107105106172,-2.779846891736151,2.1472352239889396
1.9231876216293633,-1.0052390919196763,-0.03431901318542252,-0.5746845927003926,0.6858880396756497
-0.4409767472859622,-1.3992894857106046,-2.007704849322792,1.7262544568775837,0.8441612796573688
0.07253980566972928,-0.28689191783431645,1.8009961021004675,-0.176124853092681,-0.03890549070974264
4.064660980926248,2.671019587265575,0.42473109188960256,-2.1062068640197724,-2.1396359157849627
7.6946642217328645,0.6822382885748186,-0.29087395749038825,-3.960598003296167,0.6568947482593617
4.438299316201891,-2.3866653017432378,-1.6166456087301722,-1.4076364316964736,2.6309942770083268
1.3809158562397026,-2.7138327533245232,-3.52609654401745,1.4165965632920006,2.215510700470718
2.3382680384337204,0.10517415590904089,-1.8407663838689532,-0.08142719571202595,-0.04692609895982092
8.580162452481071,3.1816747413571793,0.3687492522914879,-4.696340850662333,-1.6725433577300917
1.5834568732908634,2.292840657072162,-0.06265522242107924,-0.35365955347766204,-2.043538047023558
-4.470893095860457,0.7730688369530914,1.1979453343813828,2.921820273672255,-2.1037391631581004
1.124068440283061,3.472522063589862,-2.70988229422003,1.2092358481489245,-3.4349366844796165
-0.8988867151654246,-3.595909101031862,2.0173917277185534,0.21711119779723986,2.9208508921474206
7.36827201985585,-0.45427010566524406,-2.4336600801137713,-2.7658192356684563,1.3565004021357712
-6.75828050361935,-4.495153743977156,0.9434242600948165,4.460611084620119,2.2994301807467794
1.1667895784306308,5.607089876152436,-0.5233542830203901,-0.1510200116349174,-4.84549434351353
1.7666645512190267,5.020739508740581,-2.0978336509685502,0.46184988863239096,-4.469883506125672
-0.3751435281444076,-2.562295853075595,0.3917077732061648,0.509075477271653,1.8077272644921678
4.245331328699332,-0.9698787951022472,-0.17150530256893592,-1.8784087463525396,1.5785893605302048
0.7287859630275234,2.2569981973539424,-0.027886214625411243,0.043459368523533104,-2.188153356056082
0.133147338875998,-1.242199581032041,1.310276688574101,-0.1706064625588839,0.6183150266329616
-2.793332692708896,1.222412629281189,-1.2466902358896383,2.7881783763519787,-2.147307599866825
-4.3338627227910465,-0.36406035145296345,1.7931177170609094,2.3788630153554666,-1.1158879814305795
-2.1579689018501074,1.537204923032645,-1.516659053009923,2.83667035329208,-2.254923360785418
1.5183637818374731,-2.6032070280646673,0.4408221171746183,-0.5798641633397412,2.1863377575861365
-6.080865312467011,1.6661798801663412,1.046350263886453,3.9505854862381162,-3.1826481805447693
6.599033522658961,2.4561245916150027,-3.0305938237087506,-2.1189698194126687,-1.3936891385720411
-5.190682728313241,-3.636070927302225,1.2840885346388062,3.2601160101277635,1.8743511198851308
-0.7601444192550229,-1.053445903495261,-1.8585856837540946,1.794168876960598,0.4864028810792089
4.640344275141723,-0.43199162436848415,0.4313370897685074,-2.6138932687470473,0.9131711061814385
-5.647651556687755,0.915894597462205,0.9800499683913059,3.683402404221563,-2.333424451772928
-2.1262970798420864,-1.8833208240325205,-2.2068921620213713,2.8227489936432573,1.0940461724061972
3.835128337525686,-1.4452863002293233,-2.024691404841466,-0.62021186579366,1.4075618062804214
0.27833155793498976,-1.8773777384353363,-1.395702875373738,1.15466994551026,1.4789676207740077
-1.7287128460106753,-1.1167888291333825,-0.883534133613052,2.0045284703258073,0.05469426743573835
-1.6455939493796183,1.1653420573789166,2.5272348587100026,0.6144029546216923,-1.7395328486584507
5.466614703262915,1.5193917132159382,-4.944294219670285,-0.6947218046865364,-0.3992849361555393
3.655415112902581,0.5303121320372745,-2.18567530076125,-0.7612575128502452,0.16846830322368717
1.9930081473678625,-1.9663448109591273,-0.03368070607957427,-0.7440447530637022,1.9993290593714554
0.39079343117800197,0.5656482794144924,2.0208734771595216,-0.5546177149126763,-0.7935798418171354
-3.859690034081681,1.091054917141351,2.59670653669401,1.7074057632480233,-2.162391667625132
0.021245543115584742,-0.12577386703383192,-1.7086185268390797,1.346085299341285,-0.5466308203026458
-4.76918803820984,-6.112170587316289,-0.6017381413177292,3.685871119973089,4.041188502301438
2.068600720150337,1.7548685161115207,2.33225244889089,-1.6158147438898298,-1.612859593272355
-2.415496237748876,0.8053115087216083,1.9800441161974587,1.111762778097155,-1.4733205856064384
-0.7907745302551703,1.4422050850809853,-3.0104907729211337,2.6266208077189095,-1.8545450616780572
-0.8970431171728603,-3.2556500276938674,1.568458336763411,0.38632203661704767,2.3184657117199423
1.45478908189842,4.443991020797348,-1.700060381584085,0.38065880665915075,-4.126538204790566
3.9690191029132467,2.2599894777787677,0.2518745312668317,-2.1519783930699923,-1.5506317327397747
1.4100346570195055,2.886621570075258,-0.3433897842751126,-0.030544044414196336,-2.8688434431886085
-2.8590070176831643,-0.2068209825387366,2.95795589425953,0.9398712423650832,-1.0734685507826724
1.2357667041584737,0.8159188095479701,-1.3601983411929028,0.6578441659413595,-0.7028911118314072
-1.155023740317486,2.051570342230658,-2.3975586384507577,2.4797557737222995,-2.3310358934021123
1.240711007474516,2.689665297133168,-0.08615537955185397,-0.11425267562843033,-2.6436379457071575
4.242418301113484,1.3070401918300805,-0.15128793849351174,-2.006513011033518,-0.4410041955074442
1.009978733525121,-2.5297998739217546,-0.7760495619256729,0.4713742345940819,1.9333125772370048
3.1386735134008297,4.2133450303419915,0.7731741819687048,-1.6146410392486736,-3.619025358361427
3.9195504890342012,-1.7490414879303238,-2.228535447003856,-0.7687016194529221,2.0159004856580416
3.4175519099190126,-2.3728099693868887,3.276316635609142,-3.0493605703493474,2.21036785750549
3.144674808601076,-0.40458859360804894,-1.1752026926209256,-0.6615975986914907,1.048042668734984
6.161387970442243,-1.7071680238090186,-4.488699091668227,-1.03345249782319,2.466099282266695
2.394582718124112,3.0036318952880716,-1.5923773175928626,-0.3044155048733269,-2.448560602157574
4.626131544157521,-1.34943173312876,-3.635630619352376,-0.6009818022023418,1.8237348779681282
-0.5700866609531496,-2.014568810594109,0.9226539841156769,0.3775071257371767,1.1287016732249346
1.9348512309115462,-4.274004932302775,-2.197930051810546,0.33763589849309816,3.888960899482715
1.2876189074331086,0.04369005649541212,-3.608205459028416,1.3536400819016388,-0.12952814023645326
-5.8028170688963625,-5.156438318946618,2.670133069495134,3.115691945383335,2.9910971145710192
4.6858810998624065,3.667351573099315,0.10729967357808223,-2.3404786364666386,-2.724806401562806
-3.60517084812465,2.7138512200710103,1.0743815087183488,2.6265100632445115,-3.7924163874884265
8.689946329932013,-2.559329552501025,-0.044518235604737944,-4.563588793720464,3.7581211925766227
-0.022541337947069015,0.6397581597199573,-1.1205229267612484,1.0111227356457555,-0.8427694008173487
7.755992872161327,-0.9838860462790435,0.12853262079062522,-4.435194444168853,2.20965170976095
-3.8308359540659342,-1.0886435587906491,3.2781514279653274,1.4743221277028233,-0.2931901700742499
7.496137481175181,5.419069757826797,-0.2763779048739396,-4.0866240688951345,-3.8969591535745884
-5.970336744635956,-4.932806792505035,-0.09133122898252455,4.25214152566106,2.650513237911759
-2.947013013410885,-2.6947371489409853,3.717451949148094,0.544635432914341,1.6061987405207727
-0.36918856257120275,1.0234882766254871,3.2451463429385905,-0.6328836912038258,-1.559894621736022
-0.5357585641301335,0.6122206573071011,2.803100396561725,-0.5489311629563645,-1.3407469136232306
-3.657475740253512,0.035604600992740015,1.5313963186580173,1.953642380905852,-1.3257140283662165
2.9225493414095864,0.37352948853701073,-5.089599429709766,1.068796404172378,0.0292047287642071
3.1670244593363743,-5.248972148108941,-1.0469369891415767,-0.8764866811403089,4.888579054968568
8.47548152956898,3.1478219477193567,-3.3786499244960204,-3.2890839800659846,-1.8506570251799566
-1.9037584423763985,-1.0068871440442795,1.6995619371530746,0.9942659923820393,0.4196845288693011
-2.8234945323183678,2.6642205996011956,-0.6199367242945637,2.5824555580935944,-3.5575211796418738
2.635944538374464,-0.40263630055273114,-2.7383403593585176,0.34553885644504856,0.3871048470546594
-1.2005706363998152,-1.3295945804191445,-0.9395659470769031,1.8657333545531045,0.591806831465077
-0.06832107268563331,-0.13154470533785256,1.4092239178438533,0.20857228585602217,-0.18505232371109054
6.510655461172183,-0.8252069105313105,-0.5834356846207945,-3.041234637916962,1.715365157859042
-3.014299817692929,-0.3801273883131011,1.6231457455562344,1.592778346480228,-0.10902510599948223
-0.0961833946997995,1.602399488250273,-0.7497944800578502,1.0298971214273882,-2.043243814775315
-2.8745289091737507,1.8181377305270776,1.6399297188182673,1.6145194809237018,-2.429991483326912
6.31486173704426,-1.1613517346793065,0.06611977991696205,-3.333866372204417,1.9018195763632957
-4.708399042285135,-1.66803706343284,-1.4828123169858392,4.18494106214932,0.32837748480364326
8.076504545523603,3.187727263453886,-1.7107083093381552,-3.6275672668234265,-1.3777400134982833
3.244427297766523,-1.5018850799497736,-0.7736718293738123,-1.059998919768813,1.6544685390848801
-2.7612746448350003,1.2794807340987806,1.8357005219940963,1.5525080387809949,-2.0867058071279265
0.6462425414671762,-2.1758245944583594,-3.139776648409904,1.743467231309115,1.4802749673850564
4.074059382302856,-0.6504049151509778,1.1778671955963496,-2.498194773631705,0.8351831263308276
-0.7207547130624375,1.9119466913928866,-0.90833802503115,1.4574050706733324,-2.0042770344945877
-0.43102845616224456,2.712370756107662,2.351601416488614,-0.16469297181230103,-2.5175362247657675
-0.5725282312723898,0.5107670982125287,-0.7058394645162571,1.4271387371944626,-1.0432896617010883
3.2751515028358065,1.391070894141341,-1.099670705329367,-1.0058817652628051,-1.124708801415724
1.386457418348449,0.7626211148802146,-1.1858126555439572,0.016215957636042666,-0.7578784463916329
0.6214847170132924,0.42786636187764654,-2.487399133992409,1.2390679537839775,-0.5187605616674358
4.883946799476174,1.2880001767079432,-1.862580160055096,-1.7358250753392372,-0.397805865921353
3.4668704152590033,2.2030781560689454,0.4525658565547259,-1.6666873088957455,-1.6578451076492242
-1.978227710860502,-3.2310175711404465,-0.5047820575418802,1.8797822198731784,2.2792635591464934
3.292259867095842,-2.7285272267780085,0.2811908208781827,-1.704247818788075,2.4723569239952226
2.036171816606383,-4.48847191077301,-0.6255926971520127,-0.6892785388770382,4.128382915643918
-0.9988693397377237,1.9819886705928118,1.6524945042855732,0.5159709994781103,-2.5989921234337516
0.9703966697393778,-2.2582653015312264,-0.426329925512824,0.07555328231088115,2.005177147147271
-3.9384855146120934,-3.3801683238063904,3.9233797441916733,1.2331178347216563,2.059522458041196
1.1724284924390034,2.598620376446404,-1.2985189637998946,0.4286665382763508,-2.7266018031669748
-2.8247793100440703,-0.5424895654994804,-0.31939302475917475,2.5626125413909655,-0.4415844273429229
2.6292303941813016,-2.6504659138562503,-0.5667018883290565,-0.5994654073508392,2.437059236585658
-0.853666177006899,-0.3213883680520923,-0.6536307396768878,1.3730897049014232,0.13617046882929396
0.4121663746337463,-1.2309541021308992,0.8439182365046778,-0.11199790619268468,0.7068816628600036
6.701316061773059,4.249907737470653,2.0344666986414457,-4.436544807939652,-2.9804353072149885
-2.3546669438833012,-0.5570931438996578,1.4494022715347978,1.1550294430024488,-0.15231564732332808
-6.531949205743373,-1.9360680612510748,2.6013969865609985,3.341707706939239,-0.5085855741200274
4.385031376859849,0.6774282246475302,1.7234640124407574,-3.146228427609626,-0.24325489410047374
-4.910487300337579,1.0869885616866717,3.4533733878299504,1.9319355803175102,-2.4821079792968783
-0.30725098507015897,-3.496315249704645,0.18327459589507772,0.6070315387400644,2.4450151699804414
5.434947887982894,4.588269014632815,-3.2917717174219687,-1.5236400020372243,-3.4739035890076972
-1.15381871665647,-0.5899765207422205,0.2707029037113037,1.180453034709351,-0.20256849654617426
-2.4002294961941826,1.8889693539299859,1.802934361241252,1.0132149047577146,-2.755358021906333
-7.345661554160489,-3.783978246003162,6.246474750162394,2.136600763339835,1.3135610683826926
0.02484998759897933,0.695873768865348,-1.645799561260912,1.4755781527387861,-0.8540336965751185
-0.2159175642989678,3.4850428968829776,1.6409265284060552,-0.25591840296041546,-3.386735994061836
-1.268632919893014,-0.6474944519112968,0.5944180925217755,1.0192302167098437,0.09029520822817827
-0.010869049309537304,4.01276136242206,-1.233994929515052,0.9237361154346581,-4.112778121515494
6.489540654971493,3.599818149093446,-4.813709310423674,-1.2550411978386191,-2.306604837627098
0.8540039389395289,1.5425869737520403,2.1310001917516885,-0.6902300345347185,-1.5875588475086087
4.139498827728603,-2.713123448164198,-1.642359096054467,-1.299895617840805,2.8015791270172334
-3.1990237662266305,-0.8890635734433927,1.3095276172867782,1.8733496087342019,-0.033264075176354435
8.07287277153844,2.920196082454489,-3.190038547431174,-3.3064375739620453,-1.1285268462982605
4.377362442663952,2.9023176027312103,0.5819455360489645,-2.516758736660476,-1.9306753832591048
4.635271795528749,0.5421840247006531,-1.149798807849586,-1.8739487438170588,0.35165941233607945
-1.8804519931166515,1.9501615536902044,0.671668757499954,1.2326060447909832,-2.2857259831642853
4.151773543362861,2.2344772406315325,1.24415733255018,-2.653729015701208,-1.5360984581589952
3.5394069103662824,-0.4726088202807356,-1.656378137911629,-0.8965302636386874,1.011604723956745
-3.612302950080112,-0.35633252647504043,1.1730365577373658,2.4234668003992486,-0.7495776297632388
8.483196460114122,1.6073349167057491,-1.5828997194814531,-3.818886087880344,0.3445632567479173
-2.732796954646548,-3.9744973306101277,0.8518348720567679,1.7229978985532852,2.587703631916038
0.7381974119600313,1.137556377035011,0.8379097465512056,-0.39258708795442865,-1.2572069436831332
3.707348570591656,-0.5696101055491936,-1.0525537624459842,-1.1117993932840486,0.9672247778075069
4.310809216241504,-0.6938026883613495,1.4270225928128304,-2.771365147882123,1.2118302007407926
7.761836455810296,1.723161142607644,-1.1465012064703695,-3.7325496266446843,-0.6594570409442672
-6.507933579061237,1.5071230505499091,4.071083376937995,2.7363760859265547,-3.1499614223387224
8.1893725614459,5.74178799671263,-1.571641710907281,-3.513514148022169,-3.7492528224553836
1.4894926433177502,1.398816000697181,-2.7009957504220696,0.9305958397533329,-1.17296199937182
0.2510545995690536,0.5385071365013526,0.6091385863130356,0.047637228795064435,-0.7277605969990945
-0.06303942368100829,-3.1698973941810533,-1.8944459153747508,1.3653217227378665,2.427586810709971
-5.605453704509608,0.7041234666014591,0.6702686677408566,3.8967224773739964,-2.202045289935657
-2.3004333791067717,-1.6228287740570762,1.7609299790141488,1.0599742206480884,0.6369568574972955
0.38833168151442854,1.1767222248309017,1.6981456049577959,-0.37214475323845536,-1.1980988457960047
-2.9128060374299274,-2.867554218990821,1.4879682107405405,1.5659691882243227,1.5875492829656057
2.59499536101971,-0.585994462491909,1.4025181227254584,-1.6972904687623473,0.5142018527005421
-1.6207549112116966,1.2020123646978575,2.8848752195580882,0.35968430481797053,-1.7641446692341936
6.223617383214807,1.47296186484681,0.46140800878253985,-3.45158853962024,-0.4459810253988956
-4.681364879465068,-2.8395350091474962,1.2340936945985108,2.930054569823638,1.1148624084714969
-1.2776713318013477,-1.3966365664352645,4.216165547364308,-0.5284967583396795,0.2884142827598012
1.8805706756198406,-1.264498619024348,0.6045930233062994,-0.9253002154807763,1.0525808816160933
0.11832509752143858,3.2425059355219967,-0.27098092903022414,0.7816383537744589,-3.272386788837408
2.604808055260771,1.6414638824823233,-2.480134969878841,0.2562664095481506,-1.3234984848784113
2.4607266955034177,1.5056788705043185,0.0018878108810964633,-0.7820339220327668,-1.2029781406493991
-1.4311882322610048,3.8661131447296038,1.2645223007612212,0.9969613008163641,-4.072435317971863
-5.020196264149606,-2.824598551201766,0.8437469507118016,3.223461243215131,1.2069631852427942
6.953573536640668,-0.4704166822725585,-3.2540770670349546,-2.4022197507651377,1.524309081260376
-6.414963781492562,-1.3687675591089616,2.549611806707777,3.3678663617158024,-0.27252215084801995
-3.1300096850205583,4.471239072338383,-2.5908779746558483,3.796726173644313,-5.136659976889015
2.0794451922828547,-0.2957752662923266,1.721650770738323,-1.5240242273807025,0.21631394178358465
-4.045204174593526,-0.196831422688507,1.3796201331901554,2.430629710967923,-1.3625694163534208
-5.393941978430599,0.7369878735591633,1.793328191544391,2.6680936376735818,-1.9672215119800467
4.766574472855551,4.0158903587796155,-0.8461731594131583,-2.3347419091904342,-3.1170410436089866
7.802698915343904,-3.1742499568365323,-1.6702040349231775,-3.481824044734884,3.7660769723885474
-0.8291361284218178,0.35238085906599337,-1.1598867390813272,1.6745645788083754,-1.0472202690291672
-1.3123607437401497,0.21784699105888566,-1.1077191790438288,1.7370380786735555,-0.9461171741109451
0.11604397219984966,0.8386989532278548,1.0503362890070278,-0.10861746903238534,-1.231418028237306
2.071301300143617,2.7997248862770423,-0.37894746361286036,-0.48290693501287685,-2.5221429019611787
-2.266031061818159,2.9962979440492057,3.068658315237853,0.537153419376636,-3.2180997252989116
5.494670451938838,-0.4557978239224343,-2.9941599299171586,-1.6174422476939234,1.5099156508946892
0.12942112718294765,-0.4694042206252681,-2.263573549484763,1.614187243633447,-0.19505621528152806
-1.1124139803133208,2.771389722051771,0.8673559884683838,0.6935302859206747,-3.2829963237222803
0.5516887370567326,-3.609193263954645,-1.581728498179644,1.0560358770481812,2.641636097686909
-1.6616025262878074,2.107164934996996,-0.35532241063849324,1.6994624608755367,-2.6029859128135064
5.156686333095926,3.6523679064249395,1.8967551215945364,-3.411946974128609,-2.731643252228444
2.1541620370799612,3.6366190488845604,1.3473751033951937,-1.462361347506388,-3.1068791527288595
-4.256617635089259,-1.7414040365117804,4.303041227901465,1.1765008215612562,0.14354695837072412
-0.5420296893128848,-1.610676851887231,-0.3663996015028786,0.9793910738921179,0.6169177913313151
-2.834123595531984,0.08858170432970187,3.9718754161353065,0.713545849554833,-0.9790322222540693
4.768850064163496,2.330058241205863,-1.5414070264630981,-1.5619642489162047,-1.6803503893219496
4.479746481145666,-1.4463218274350187,-1.6185519753517248,-1.4754987304721414,1.8195571348037158
4.013585350947313,1.2573715833163233,-3.4891811780533115,-0.21546093418821355,-0.7551037580961534
1.4652178887285199,1.0113775288179916,0.232359079670991,-0.6636957637317478,-0.8871615662649575
-0.5295756029793874,1.8552104917005792,1.4243282211272632,0.24051795557468414,-2.4075456280603778
1.4750459529835371,2.1522222797510904,0.046416177005421555,-0.5328251905451867,-2.2930077917901137
-6.637025476552475,2.29723612065995,0.8691268896936732,4.151490389386993,-4.113546115279838
6.620472310100363,4.249915246213639,-1.0919613712100782,-3.1108996943323786,-2.8281367096957544
3.854642626735665,-1.553119566071754,0.9260103774184375,-2.1559360790373514,1.926658674665764
-2.4881040227211386,0.9626677261408207,2.9910255363933755,0.8251141747872823,-1.7044332315458723
0.07947406766252427,-0.07617620353159704,3.3888491078240235,-1.1696538833891053,-0.1086478017055906
-4.945261976749817,-4.148814300453948,3.508992131575458,2.075786965576715,2.0428790379843
-2.0610379362584488,-4.173425922420993,-1.380345815303461,2.372110586072405,2.6988780467804525
-1.2066156596568829,-4.697900245524022,-1.2248889260868603,1.7530289320922394,3.5966369634673656
8.128232562382664,2.203260759041182,-0.6198429240334988,-4.080600068382733,-0.7086580721461152
-2.3569803580160973,-4.095231629603738,2.9982544805333236,0.5944472448360351,2.511481087137802
-0.6892385635821021,-3.154489246054946,1.951495638280024,-0.03275065836830393,2.8502939291736196
8.016829647540495,0.30411429516250704,-2.6051662615968825,-3.2392767987849056,1.1234115168274892
-3.399232921057542,-2.834536008989104,1.3376668468896167,2.0857659600930845,1.4103613103214712
0.7433250552241727,2.4882303691953407,-0.48741851511349893,0.3307909527791975,-2.445667177125345
-2.885435349224002,0.0006363674853695489,1.212403573196853,1.78427591363362,-0.8752475940135336
6.9610464163261305,-0.5006022393303059,0.16193166518705082,-3.854234463729322,1.4424647262559676
-4.183698906126249,-0.8676388524371805,-0.10405317232530309,3.233909001380927,-0.5574219723143828
-2.410239650405943,2.9384717169800587,-0.4278390928898762,2.1027320777179006,-3.4073651980869624
0.050192452384584973,2.291760290462578,-2.7747271365319777,2.03233036100188,-2.410190147839909
-2.146410667389986,-1.5925535198290774,0.9349334414495937,1.3102459375789821,0.5929078676191233
-2.7899005680981364,-2.143211157840791,1.045613690900172,1.8002187020452336,0.7903877833678684
-0.294041019810732,2.666779926509438,2.8472299697674535,-0.5766334848545323,-2.9828883405049638
-2.8967295671147113,-2.872115261165565,3.1112149002835277,0.7041725426308638,1.6613937813243882
-3.284871046030728,1.5258060344672189,1.365432681624976,1.9898304213475542,-2.457257212639899
-0.21650784465930084,-0.5956059208786523,1.3142369926889352,0.17156354581313815,0.2567973086689225
-2.2984004982470587,-3.188263586044762,3.0503821522599845,0.5472624226832674,1.9838656233400165
1.9946265324903754,3.2661728693358674,3.2888389821354673,-2.3984579292959043,-3.084092101366396
-3.6607745031435486,-2.1226421216785885,2.8171824074378673,1.474020468366036,0.7687748238439286
-2.5277728126197485,-0.2876182489771,1.7137521915876783,1.3667197021381319,-0.53997705946223
2.1610771053013518,-2.56045602955927,-1.1584005876768217,-0.2060034973563314,2.501101277185894
-3.0896019899226546,-0.3897394523119273,2.5197242734272356,1.2632263019608392,-0.6905579499684171
1.163285023194486,3.3470400606055377,-1.1889121893005155,0.5083990008416287,-3.3154193898215913
0.5864468760885486,-3.260432701487231,-2.6519438026414734,1.2341166352934645,2.4900183479856786
0.12343945044654481,3.183868949336769,1.8995388085855263,-0.45160179594605565,-3.397504903810834
2.1427189088193996,-1.9226175572088118,0.11034492767138948,-0.9237466066586446,1.9184360054945666
-0.9187079820533379,1.7051060339782502,-0.11071741146977221,1.395758473668143,-1.9344699429316998
0.6872876512591242,-4.772407504826716,-0.18685706817320114,0.13189261229644278,4.1037939060601465
2.782584774480589,-0.9659702404230797,-0.45939436389157695,-0.8259602004497774,0.7592185033134555
5.384859328808824,-0.29144312800467875,0.1920449092770138,-2.755652176434724,0.9198723869435159
4.452922006918011,-1.4816446522308584,0.48286669493488543,-2.6952691552397194,1.8272419812809533
2.8216513873630173,2.8843800624815907,-0.8057728941774103,-0.84678161112038,-2.5600633931925665
4.155922456794854,-2.0981862550058112,1.5422754060070378,-2.7949205885622916,2.4579843839344866
5.878064742169568,4.213844933798871,-1.9304577300222205,-2.1805139629648593,-2.6118093186036457
2.886515533413291,0.585376425484122,-1.89228618025296,-0.4783804428556042,-0.5840539249202078
-1.4592169118146123,-2.0507511599876853,1.1533494901446,0.8892499524238374,1.2634077262774839
-1.6460948295644033,-0.5860320674860832,3.618158457948696,0.07184735948813664,-0.1435757697243485
2.398825213217265,2.2872035366689127,0.5321800104332106,-1.248336406121392,-1.739627345636599
0.5968886718539324,1.761451006461802,0.4926182267271988,-0.04238567737394516,-1.9028302257592744
-1.295283813396914,1.4961635083443092,-0.7612806756373205,1.645936877857028,-1.951666105319316
1.5696737635218545,-1.5104699700749828,0.030217846164656725,-0.3650383967113833,1.1886970262827794
3.4556441946865535,3.9575266909947744,-1.991543289575346,-0.6628206208538966,-3.2117636176880904
-0.39053068063111707,-1.6544994346692976,3.6782660481508525,-0.8134000222596829,1.135174598169551
-3.3379531708065575,0.817245453283447,2.3112105196179047,1.6773967231664741,-2.2011945319862773
6.064828049188546,-0.7574082706311841,-2.5616411791273426,-1.998281585224097,1.3441750570059523
4.453763956115076,0.20486796565918486,-2.536022867869793,-0.9596994759348121,0.23384037817244518
6.213662097593196,-1.151945090722767,-1.23591994323701,-2.9857692745672786,2.0965937974031257
1.4224735805603859,-0.3885829257217175,2.999873148323128,-1.8573714995263648,0.5584026525506911
-2.1341332163506905,-4.943781203035611,-1.9114892670518067,2.9199647368231596,3.669698325112964
5.615186346388018,-0.9307137215372909,-3.4242293894278593,-1.1863412275587542,1.5569794434820676
-0.3317014157680648,0.9474585619313762,-1.9786369376600565,1.679480978034634,-1.4863564507147076
1.4200727979180399,-1.5965994707857576,2.671601927631545,-1.4240082484788583,1.4234446267608267
0.9208528444623396,-0.7965959934530501,-2.9388391387288904,1.3665746055116188,0.6926209989278526
-0.002225524893372126,1.8889771424011161,-0.5395922439849751,0.7648020194189861,-2.4007735536064096
-2.787572224942574,-2.3759357827487553,-0.9920124667538532,2.645698647215494,1.068180167354922
-0.4337407269643889,2.3010419695449005,-1.5446358788706245,1.5267407846890695,-2.549289932125781
-6.216747233130562,-1.81896035446917,1.3567639666491549,3.6967679866360843,-0.09837344837286022
2.537491211750947,1.4953659785368048,-0.7782977501490966,-0.750329184336753,-1.0771988243704058
-0.3571298435749356,-1.307973437549658,-0.9292411557409005,1.3435630186684406,0.19512797719801087
-6.577748426156287,-1.3653177153182332,1.5037181534255555,3.8530622402494545,-0.6047341641428039
-2.504593701677883,1.1208751332285947,-1.123000281894422,2.792399920695379,-1.667536658376119
4.620588595789811,-1.0677291389706576,-1.1229244754665209,-2.0499947172240915,1.622721002928303
-1.2359706718928667,2.2321130420962936,1.399165455221056,0.6887282373882881,-2.823482646732761
3.320197918132187,-4.005584290000505,2.3761971112613387,-2.4986125682754112,3.850418433957077
-4.3022315453624165,-1.0193062928037286,-0.12199152942427083,3.0997561632147836,-0.12145733397786151
1.8505609385471002,-3.704901232607287,1.9550685094241946,-1.3253945737467672,3.4278626103154317
1.1777086759287037,-3.7382678674148426,1.2796017657118672,-0.8537787990828397,3.079355874197265
-2.8239583966574693,-2.5106748520896778,1.8313603636937916,1.374019867091435,1.0925880737525675
-1.528197554804538,-2.3422274495729263,1.0143822346170166,0.8691273625565742,1.4660930929700213
2.392633558323846,-1.772415231488881,0.05324664234869274,-0.8933621349709788,1.638125957572106
-3.8963701092765772,1.5438523122266299,1.89066728158645,2.262469839541528,-2.593136389231346
1.5787392628851076,-1.2632136661495865,1.830204376857055,-1.3702564908981363,1.005007096753763
-0.9553470907624348,-2.1511241581493974,2.4733035761882425,-0.10841681289387672,1.2981710558921515
0.8497270848580549,0.9827009350601941,1.542089837373765,-0.8360465734791442,-0.9070458072547671
-5.601446340115936,1.4337822034641308,1.1635315366130827,3.3937018421765432,-2.5881152492551123
0.1332745428945688,0.2391997893054686,1.6808367629916003,-0.2848036435271477,-0.3774551575988956
-3.513586086558009,0.22988794558230136,1.0229061283041472,2.117974408595272,-1.3938808956403281
-1.978303653200584,-2.8026473382021653,0.0418138463562861,1.775675470002355,1.6097263879904444
-2.2843510075192657,-1.045905111067255,-0.33566411604311885,2.204380360977728,-0.003968051815522289
0.7538071463373114,0.6438634889655552,-0.3187047292713967,0.4288959360941965,-0.6698790964387388
0.2861870748693316,-1.7465272198686006,-0.021760871481387944,0.37277079479648184,0.945877535610744
-0.685516783957181,-0.8573807674338942,0.26135243972437194,0.7881382361516249,0.3724255736877278
-2.669259123384138,0.4149652963288929,0.6709346984619664,1.9034001878887628,-1.1684813468741
1.2494801326477223,0.0973123328718882,1.232142676190396,-0.7755800545495817,-0.29173889596191627
-1.8245565346460126,-0.8480245892656766,0.7719184808191364,1.437641639257776,0.09413287253966296
-1.045425457354383,-1.9302015125839143,-2.4858383472527703,2.3802704271341004,1.1882866159683476
1.0361796151990554,-2.1548765029772143,-3.4588601298672703,1.54142875510992,1.8263543764930217
3.8841982398541797,0.5157932090279558,-1.1946826122225218,-1.2580429623729885,-0.06534341140310285
1.081574378729419,-0.07186049171563429,-2.199618931497477,1.0415738401907142,-0.00046260186282254256
-5.723636778592038,-4.5046931881193695,3.2068117016173034,2.44826460667929,2.3498365848442546
7.522221924656244,0.5649114900380857,-3.626242319791238,-2.508836573748815,0.851206490924843
4.2678946490366165,-0.024785681527766557,-1.1728344302739901,-1.601852790931513,0.7749919040089214
-1.506294307660753,-2.5154287189468465,2.452523665406825,0.5741399021748678,1.5556618255732808
2.9980678843074022,-0.9480736341796707,-1.731760396606271,-0.5603380996602754,1.1118841749722645
-1.7793611110867775,3.242215696573972,-0.2642152053532745,1.72777533795184,-3.428573066917564
-2.9263706806317984,2.029738917467797,1.3479112233748785,1.9016338126511183,-2.8632688605898258
2.756419514945464,2.520502354578701,-0.6637349073840697,-0.8679512546939805,-2.06810974075895
0.13057990205177705,-3.401610679252996,2.522544274101788,-0.46738386027170986,3.019183269742329
6.825153558504027,3.968408966377821,-3.259476421534698,-1.9207907998299425,-2.814800202924983
-3.5169739112795972,1.438610112481238,-2.3119624865857684,3.7364065826044075,-2.3659228334043196
-3.9454954642941775,0.18391215744121975,0.34060710598098193,2.7673291850847335,-1.2241253154226248
5.501719639954249,0.8036917069000691,-1.3112027286761878,-2.222628511567228,0.10450112529697941
-8.413277350742257,-5.703725250484653,3.888602937124151,4.211319608893837,3.1082566800098634
5.198597582386608,1.7564311271605508,-2.7082241109787817,-1.0898015184231091,-0.9903277320121953
-4.165253335834539,-4.6581923728942645,-1.5095780478299472,3.835630862131035,2.939121106837848
-2.7416470105995936,0.18549321698344579,-0.20488564955541477,2.2383583031016694,-1.1789081350849497
-0.5008215070601367,-1.759529896888208,-2.9298349841672175,2.0451401438133643,1.0921924681210464
4.116270808158904,-1.8642131201316103,-0.7200426328650246,-1.560984857477287,2.201726222069441
4.057675424398906,-1.2736968523217964,-1.9093910142007315,-1.1918281973296752,1.7246491467441836
8.341591329730038,5.690151537185314,-1.5277656222866085,-3.7393399122656947,-3.6662944512244806
-2.5336945479710957,-1.0043379995389476,2.9278327924708676,0.6952965999645044,0.04789745575430979
-2.187532509103492,-1.2214304237030076,-0.34269759333376437,2.0569127195542727,0.15235861295732356
2.933934492299306,0.5539448849510293,1.7021648253688457,-2.0159027786612027,-0.3829540392935783
3.373649887884784,3.8953635304824705,-2.417634075265841,-0.48963278381827746,-3.136705180902238
3.876732372985472,-1.2729670519297505,-1.2286984592771217,-1.1592590177285171,1.1713251964026152
8.032239892482973,5.112531767214268,-2.7950253350461516,-3.328177167037661,-3.5697647010325193
0.04099490684238688,0.08489981748710301,2.7900398918817135,-0.8100338905847522,-0.7669801082131249
3.843318708054536,-2.7598151621746223,-0.7038103937905287,-1.370783851312944,2.879194678725152
4.814939429052908,-1.5239055669736061,-0.7126604594152752,-2.3268859788777663,2.114347492503981
-2.0569112704652626,3.0061755108398667,1.400717416101854,1.1226684103462827,-3.3801755204802317
-2.922170893794658,1.1402048758644119,1.6471420879884666,1.7323171388418481,-2.3679115009005303
0.7927194032726843,-0.2987827623373676,2.6261999755642704,-1.1170930034764264,0.42826311894477626
-0.07776512672392566,0.2729461567408091,2.26778767875137,-0.8009316109697677,-0.6590043351632828
0.8849384816601049,0.21258382507883847,2.0183337955459857,-0.9960232815408099,-0.21281822235360354
-3.5526396528449267,0.499333593764019,1.922839955081161,1.7214660323714182,-1.1777520799022754
2.135464912872582,1.780581701632367,2.1427544068132205,-1.8042204762917087,-1.596212700292976
4.488243614352313,0.9874788453425525,-0.3030211043293598,-2.2817146151854564,-0.1079514476472189
0.8025131879651894,-2.3541934026568514,3.328763138291423,-1.5072216957413516,1.789985738357174
3.432679202182447,3.860176945620058,-1.2922343630575444,-0.9388115028127776,-2.644318605010891
4.535740028291965,0.6973051122242234,-2.4911452963094494,-1.400106856870197,-0.28649923109981235
0.15925722491534544,2.3040959955934803,0.671344636654923,0.19305394356002242,-2.771305769249916
1.6845823154780122,-3.567969641002004,-1.8433089407009196,0.29150401341778487,3.380341510698006
0.4417290057091281,-1.1872455125627681,0.7320889098715757,-0.1662991649999559,1.0478166861983818
4.334136356632486,2.4221285550300062,0.0005961375298955129,-2.1690214058319213,-1.7316974244302292
-1.1313580772261838,-2.301444453080155,0.2719299352396557,0.9929207254750227,1.3582561003023241
-1.2402804027723442,0.1655337870549866,-0.12150441019672678,1.1265355817314593,-0.6371092493249826
-0.38668561346119534,-1.4684714507205667,0.0033853414218195654,0.8492085822590545,1.000096420599263
-2.2485248738773027,1.342007811341541,-0.03965109345768733,1.8701853587173358,-2.4604319477882033
4.466039568078988,-0.9060087278387725,1.8728969413402063,-3.101217364537483,1.357539357072431
-1.0952931902304321,1.9593906654981716,3.279385009354679,-0.33813625769142497,-2.1584022663336855
-3.1959805895450866,-2.7624996173630065,1.1545328599591336,1.991416001907309,1.4286074552907082
3.1313336757174666,1.028820344738001,-2.2373325304100122,-0.3948858459891083,-0.5234082160022415
1.9559978242549292,-0.8182612813759669,-0.3521691843494281,-0.3653938953824043,0.6912451644245956
-0.7614371372993984,2.214504213633278,0.22512077229953215,1.0456535739963635,-2.741094419044787
-1.8666829031404897,-2.8434321544274117,-0.46910985812185574,1.8629002537350527,1.8146142855585357
-1.8750863776684874,-2.3960290728999736,0.7255017330258591,1.548770411951439,1.454057210251259
0.7933863527818421,2.491260065248335,1.306834700009723,-0.3156568566849382,-2.3118994757754177
1.894501494337705,-0.7741498359102225,-0.6509956667590431,-0.40900243583117435,0.9133257232475286
7.604076445191364,6.651611129067011,-2.5170507645774665,-3.006772766215749,-4.636529265178546
-0.6947672115632374,-2.0722964055936655,-1.1856888457879626,1.617662274445179,1.376901634777549
0.31138533150686765,-3.9895989960200855,2.0222834632201843,-0.6679723190285922,3.0913260315576343
-5.200982807043461,-3.4638095680505816,1.1151869944068036,3.4037037973434097,1.6119412308602539
1.8571128309743066,0.06215182784071821,-3.004345262264937,0.9364001332532269,0.1923265097759711
3.3340383809701506,-2.705597721891257,0.7449016603417098,-2.0412078353761984,3.145221485064499
3.5570831561077094,2.2967411096530883,0.6225273069000989,-2.0303813999417915,-1.7637103775911964
3.968648410696222,-1.1428788193526676,-0.33290310146684465,-1.8819458640320152,1.4663053802752655
-0.7282916769238073,-4.141092050090991,1.0676866875822042,0.6101155508572703,3.155964529550831
3.1261567530612733,-4.425476940485756,2.24616973641905,-2.5763744610910613,4.127703724341947
5.265782739467698,4.652548884890359,-2.055216452229857,-1.750709175430869,-3.297781030762703
1.5296429093484236,0.6740494323467027,0.1803660390022535,-0.8180918158379015,-0.6902947619698081
1.1706596311686859,-1.4779097622061776,-1.3335148121953664,0.453088685309765,1.2715542602824677
-0.4009991883083481,-1.8379753323132042,-0.6153794460097546,1.1054536401344628,0.9281191906418547
2.3417412161879696,-3.1300067843960075,-0.8458888560075805,-0.4910951229754751,2.953918892783652
1.8086831611463068,-4.222338935529851,-0.9648400349049496,-0.2919440210575377,3.6116123203259303
4.28319053694451,2.254782666401774,-1.681945305056052,-1.3791825412631629,-1.2600035241268526
6.736281243776963,0.333690648132801,-3.6012550117942803,-1.945643827129806,1.077587200889731
-4.052903103709789,-4.0272678790110605,-1.094149949942486,3.627980289069033,2.3176588743811752
3.5296111815564966,1.957762001213828,0.22638800578935014,-1.6181639204131668,-1.6520044152525866
-7.081812617828386,-1.5065530708275576,4.6368177867720135,2.759698033522064,-0.5177244476102554
-0.36914841813030486,-1.1637593606579566,1.4546960818570738,0.2647058166674148,0.4230773675121753
4.471931128879552,-0.9849716077635184,-0.5990112009232644,-2.0165178626409244,1.528079828540629
9.408952590468399,-1.5823930529113877,-3.1563851905707034,-3.8095982428974926,3.1096389261570536
-2.702044650754125,-0.2171967130124133,-2.780753470220564,3.486425177137618,-0.8934368883897912
-1.3423049276670487,4.101157534315027,-0.5136203550875929,1.5895176642271545,-4.404140210190474
-1.2919684840290222,-1.9433294732316617,2.6164130020671577,0.010594157921582026,1.4034309588927585
0.08566341340649813,2.419427537327213,2.568778166253467,-0.8950436845355219,-2.6234571566379747
-5.352337641855549,-2.709942099088984,3.769196637045573,1.993102895133529,0.8870028467288544
2.4807782817279005,-0.19123393949851208,2.498471394835683,-2.36080812601164,0.36387303114014324
-5.859854152562917,-3.7084526292464113,3.010822888186475,2.8902827753498928,1.441103308493968
-1.114452284791017,-2.419780191829629,0.5963149924765152,0.7229968248811522,1.8065257411759694
1.1703192157640583,2.8501269665685083,-2.6300049576114515,1.2344165912511678,-2.5661370919841815
-2.55880104645419,1.0294472656537081,1.2799303667265043,1.4652610749990806,-1.846846978647485
-3.705503780508906,-3.1493245176202294,-1.7999095498939477,3.738788767774536,1.8197891064304603
4.07030067654439,0.5772843584096219,0.7817333631772803,-2.3229859888609043,-0.07593016083761006
-0.0704543681650489,-0.32768660907519465,0.5815703495341777,0.30656562207599314,0.22476196391297498
-3.6110348425002736,-1.0396439132914788,-2.7882618440403912,4.108082963832873,-0.16538222918679138
3.1627643752328995,1.1559033900280336,-1.9550497119312324,-0.6885843153828225,-0.7465223938633339
-6.173958173988922,1.213094106884365,3.7598263436410697,2.548864331022275,-2.6577587961789977
-1.7006447739799804,0.24929076953448845,-1.5891294442077015,2.5674750754498605,-0.9459077351958194
-6.106466552576847,1.0705010294607589,1.6076504943148762,3.453532464843315,-2.634801056583832
-4.045083667396397,-1.8431027632392396,0.6539176977707294,2.594553697714639,0.4782149260478843
-3.4628598787742795,-0.0642517940631975,3.0132953040375723,1.3940278429476374,-1.0773229878286308
-3.7305366880131507,-1.3408208378055655,2.6713356939695796,1.598563235988019,0.15964667726762338
1.336731955848656,-2.1000354248672517,2.5212664171820354,-1.405519456107849,1.696473056750503
4.163748484859665,-1.4918361576044785,-1.080660639417335,-1.5487409890509722,1.9967488432089548
-1.9369333844154937,-3.505593310553845,1.266768706456226,1.1619607385667376,2.308668244179772
0.5051384202443652,0.4836964985869008,-3.51951602232272,1.8588911744211223,-0.8693782589160572
3.1509208895640946,-3.429305480689815,-2.3694767382688617,-0.22167412922883045,3.1657146200955624
4.7383370134161575,-1.591933299425153,0.2664739641802083,-2.6915925679212176,1.9636059633278642
4.089054623992413,-1.3473792013807093,0.7250421888989884,-2.199521751087874,1.5972099769231969
2.2075252342845566,-1.7283673994278446,1.9758535206402918,-1.7755745711522273,1.5555308827806917
2.4425186781174864,-1.5513770356012335,0.6615287043570082,-1.3759557883986953,1.4714171251685686
-0.4069311442913926,-2.0880592571582035,0.943343655252005,0.3750628861078902,1.3071866111796182
5.356715059951225,4.491320192507574,-0.9549393202982357,-2.257537120794581,-3.539039616966578
0.8619356832653958,0.46290567191813364,3.452963665384789,-1.6742899209251003,-0.5875883448593199
1.7774454914132807,1.6165880334300993,-1.428422554024466,-0.11367171499648454,-1.5139547793810826
2.3724319498962574,-3.4238555057648705,-1.207931422558619,-0.3861242215370231,3.0030591963651774
4.473080537051979,0.49181558398798186,-1.2331297900425802,-1.6385118788329704,0.03686423137867667
0.7317530881748473,0.8896352946161904,-0.08071615497573659,0.14610090912048657,-1.0014577356049084
-2.1138966220554067,0.8652669589215375,0.7149385218134149,1.612580594394911,-1.6396045953595417
3.4775126787858035,1.4380576548774873,1.2108406413353836,-2.125454877977936,-1.1530972493853682
1.7560806513358331,-0.838546954499082,-0.17810928132572174,-0.4376976523673941,0.7818536346538867
-0.22785864944553635,3.014272718424585,2.067240833520067,-0.4798235368779131,-3.1023576315556243
-3.745857615112344,-6.102114965025082,2.0759222584595585,1.8637362641598698,4.486110885723277
-0.9533112331186546,-4.105577547210742,3.2541750523847193,-0.40077194986535314,2.924453432094237
2.8051049301973614,-2.5878030057015344,-2.5373163125320763,-0.009761746970361113,2.756785166593722
0.827121131791716,2.097042177887523,1.9486877304949852,-0.7385485158832412,-2.2081895256215622
-0.6782495221119562,-1.9919905887300298,1.1241943364559146,0.42212479474335374,1.4477110001624114
0.4142693680472719,-3.542359372685458,0.08035273263093945,0.26696721024417536,2.7108243504656175
-0.61028272294085,-3.6555952049967964,2.316321479614469,-0.21717538558816507,2.841178011529299
-0.1689727780245426,-0.5033072148064625,3.97094886665154,-1.1571210636846805,-0.07411128529783761
-4.222948323127717,0.1405675482117295,1.8254512803155514,2.336624332140069,-1.4788389720138495
1.1258837153346897,-0.5229187361454133,2.6303440747457043,-1.3003358717376483,0.42990273176631333
-1.5434691139808836,3.665247079259969,-1.4231504328987805,2.2002929501124635,-4.020352976056164
-2.7617510932963736,-1.6884316523780951,0.7316760683493169,2.151798639008869,0.444501354130045
-3.0113421081836793,-0.5433679560456756,1.6009995476969499,1.6632336900497542,-0.3673971656583207
5.094340888545114,4.112741530280608,-2.216473970372284,-1.8119555802705265,-3.0114215453489193
-3.5189315414354407,0.9512306372527501,4.088921666350979,0.7654217773005667,-2.577419267055846
-2.968903238501723,-2.404561085079846,1.776954120071443,1.6560769690696506,1.2826716094961053
-0.46520495514759275,-3.772788113881647,0.3790041024294517,0.6594585562767292,3.176604526227023
-0.09993845201214155,-3.5509592163268704,-0.36527003598070373,0.7040976269649162,2.954859847859267
6.79837973095238,3.9965023062389022,-1.3630278627050971,-2.945888086516028,-2.515980944113975
6.320907282831567,1.723272506003006,-0.9057653422894612,-2.9194399730800282,-0.4660363535272256
-0.057308523605088646,-1.1181221599466094,3.286485946565934,-0.8456585127816066,0.5032899657295735
8.459800154267455,2.25672464549443,0.0760903202695642,-4.644061824360032,-0.6739575006762981
3.322182780919938,-3.238510741564046,-1.7350638597952657,-0.6072321202355513,3.1680104852260715
2.084792817523537,1.309377712131281,0.17005436196341495,-1.1682994807984013,-1.1841058820420598
5.281368680791501,3.4810601970230532,-0.7455578944609216,-2.580223137373909,-2.5887413381517375
0.7951096724967391,-2.2515821560852505,0.26798251880566115,-0.020094202568210207,1.6125832986170212
-6.508210000482142,0.0563530369813271,4.466776722012632,2.5278964751025033,-2.009423710782812
1.2009408662155772,-1.700413152898678,3.0477065113999253,-1.5899126985187046,1.611093909037725
2.9525178379247117,4.184976948743951,1.0412267956734602,-1.854637049832436,-3.390304256076438
0.9874012000122816,-2.706319264462369,-1.649694007930913,0.8032024041814223,2.2584540384000436
3.1232550088984166,-3.8352590048550055,0.37826345669207095,-1.6360004343301737,3.8936804487548535
5.7161168875682655,3.0624331224226347,-4.108836815911016,-0.9138940718569548,-1.8546569627455733
-0.8504309330636137,-2.702546322075071,-0.8986971621450592,1.4174564889321095,1.7065488966639437
-1.9775342633926827,0.92834795426636,-0.34715998863032715,2.126560972229444,-1.666720245246407
4.876683986779001,4.720508731651889,-1.2021814628384193,-1.8720096953584826,-3.639866630429678
1.6133361262485577,1.5393469814946659,1.7178028355062787,-1.2987767574881475,-1.6797901033248044
3.919395322543609,-3.0344150814701076,2.1614088452289897,-2.8076572318322572,3.2587813185669265
7.17878463035909,0.963937823299912,-1.3415295907761333,-3.290007901534464,0.5192594417750306
5.8013736967774125,-0.7280780088904253,0.12814409086734702,-3.0035755487490774,1.8068728268305252
0.8868610927285472,2.780858777643621,1.6806253350447533,-0.936786253868475,-2.755076150224325
-4.9177045903866485,-1.8352459004116082,1.6506263438962985,2.800250887566869,0.543009370119603
5.727724085131334,4.395203431636316,-1.2985601392099027,-2.4136862535784607,-3.154557805679155
-0.8983452877461634,1.558573582227588,0.005836242522146637,1.136881040249136,-2.0029198063286993
-3.7449354676951643,-1.1257771486368888,-0.02840036231581311,2.782021548529581,0.03181918813578666
3.6979926970619212,1.1682549467852767,-0.7272261360748826,-1.5402000242734017,-0.7221566636032652
3.053597680120283,-3.700066368264804,-0.8759205124788467,-0.858949509424613,3.6846888839439766
-1.1593340784173074,0.20840615617150482,2.5594413078794553,-0.032470209316560084,-0.9567790763424255
5.973642089924534,1.0474952645894513,1.1710376258354187,-3.697924393744355,-0.02045927168362549
-5.020201853418683,-4.321389410860132,1.4043100185417263,3.188138524384186,2.4114582898559185
3.4730231637044686,-2.403085796835369,-2.576472287309872,-0.3369068908207019,2.3179351574456617
-0.14129804944442892,0.5367256827987763,-2.1218850856455105,1.7319028732077093,-0.8152546265615039
3.147740322297939,-1.279837866838614,1.704834285643609,-2.145757017208654,1.3231202351260158
5.230768741529345,0.5354984378049227,-2.2416746942149515,-1.6249434662029094,0.12608386152839912
-0.02770933358007366,-1.1912857143105968,1.022509418786966,0.338264440562813,0.9307560145339453
-5.073036188734184,2.885454706419606,-0.6516881809527793,3.8363200621548064,-3.582406389147586
5.4950692598452395,5.232605635798439,-2.153902491027457,-2.073562838430158,-4.067158486203587
-6.598254897329343,-7.006562253063218,-0.47890964243212075,4.860686150674266,4.463858713140855
1.1419236040649803,1.3539309784620812,-0.9199384491541625,0.09229784834992316,-1.5997706829306546
2.3190988215017763,2.409669569346244,-1.2817080126119609,-0.04355392249664458,-2.146621746550281
4.838431715121221,0.46621886894292985,-3.663734779054494,-0.6635122118868629,0.2284409416418428
7.085778990013706,-0.26520558303928043,-1.9390855304545462,-2.8608728683782716,1.3504456033325984
-0.9689092306475378,-3.6023133357402326,-1.1750929874513023,1.6549012554721607,2.8692193722169326
-1.04636279316905,-0.4054220776527836,3.0957745573837583,-0.5154643473274385,-0.21626485465860457
4.8401076759116775,1.1136204881592746,-0.9586715586123666,-2.093527293941355,-0.4195225159246455
1.61378675803066,-2.877021449032054,-0.35752434836367086,-0.39686736076987095,2.2913067386332804
-2.7559739994634525,-0.48299804635619714,-1.9618273974638336,3.235391685149523,-0.601368437439759
1.4378267441954948,2.156399022203491,0.4871358371143538,-0.7483976122607154,-2.096743668305233
3.062670252545262,-0.45011736590980544,-1.7598958014737887,-0.6078807094531593,0.471971615036783
1.975401319607693,1.9653434904054659,0.5191760746278382,-1.0574879807535142,-1.8254799143777172
3.7046496957865935,-1.1390829844108499,0.9238089112558824,-2.208742212342215,1.2102098032404303
0.17577571609261727,3.504875373803948,-0.9379702159057455,0.9385975925557767,-3.497062505819737
-0.8584238519135109,-1.3379244116054,-0.5668296887928408,1.281681804839354,0.6457923859963219
-6.623818717898115,-2.7804416229691005,0.9888856967761326,4.187956512994376,0.9752385300431259
5.933188283566072,4.254136138784073,-1.8042559387473678,-2.1900570139901903,-3.012664461795501
5.36777804059386,-0.3548801244092239,0.2936758580354665,-2.8638137695725914,0.9107993441952011
2.4442009310132913,-2.9313118266808798,0.1467523260361619,-1.191690212666958,2.6234616727212163
4.959519900141016,1.5266698992332108,1.664848385203093,-3.444094816841628,-0.8739923034027138
-1.9340353192560082,0.9540977001286772,0.7397461288531721,1.433254195618058,-1.5348457210600939
4.385081720992222,-1.8577481448966395,2.7754519555216555,-3.550155851147519,2.441498077475881
-2.6824143501584348,0.10324385653379177,0.1847123401013926,2.118750345171844,-1.0736315190652226
3.9708538583339434,-1.6465660696571984,-0.9442938145107945,-1.513552800493016,1.9240994799278022
5.0277996475627695,0.8694772658334948,1.7267724893692313,-3.323872526607791,-0.12693205282394035
3.6981057419329955,3.0982258757727785,-0.08574289708873639,-1.7040734203959884,-2.483811543054016
5.097451747769337,3.0212536358932875,-2.425433756476994,-1.574839211216608,-2.2942630512372815
4.754195281525042,4.582136003140671,-2.726704959485529,-1.1220804482701197,-3.5151339452389836
-1.452409851789425,-0.42621032705800743,-1.8692618246998918,2.3805592256032693,-0.5357360830201776
1.4742453385915848,-1.2098269623418556,-2.203128448537064,0.46550745566822427,1.362116227989898
-0.7151492007092044,-3.0660015360431685,-1.4617659396187375,2.0046829398462327,2.2706852289746964
-4.241660178277871,-2.7372790766200037,1.5128223695567278,2.3327443726070616,1.1786839038394088
4.476714498659998,5.239620096120585,-2.431540153809437,-1.0042260660346227,-3.9896251564164724
5.224643100349334,1.5939164231089267,0.07198211539237431,-2.744470029163406,-0.6088625594367225
-7.2060904286243606,-0.5092554289482867,4.405350307428133,2.849795926710378,-1.4190805470370542
4.174010778176472,-2.6518940545898237,-3.290283610381632,-0.5617319570175768,2.7109832952459647
-5.706828161558103,2.045518281850131,1.079451108110364,3.40567668680614,-3.4081086745501663
4.284212147281626,-0.11115381807219807,-1.39564316679126,-1.5276749284378803,0.5865509629430851
5.565266363803993,-1.3805809434406904,-0.7714928568256888,-2.5173302798051296,1.9363288615491883
-1.8665117680578498,-1.0002464734366834,1.3015641280877732,0.9611677395407132,-0.14486866558596567
-2.135164284461558,-0.438781700317984,-1.3684866510376574,2.5667881834531103,-0.310146597020183
7.055171230678878,3.7964908982039036,-1.7499223130157653,-2.9789983370256437,-2.2120868290835096
-2.1691486421138757,1.9141695200881472,0.8400578758138375,1.5185577841714613,-2.599948518621262
3.2742695549181997,-2.480627140698829,0.0013066248786137713,-1.5494140024736283,2.5844619730636573
12.246190182334482,-1.029562270206889,-2.299345928253575,-6.062355919008792,2.9400512588987944
-7.848024625026908,0.41749224212433833,1.9139758261203577,4.601389608604347,-2.3647719747119256
-0.43707532631762464,-4.238782253105019,1.081087717803685,0.25229790575613054,3.2792168961935952
7.226761325935446,4.196820194084874,-2.7997184527248784,-2.7279537186888088,-2.550107895002478
1.3552898147354346,0.059611001834928845,0.5352346650249129,-0.6809835171680331,-0.3019801659738758
1.9263847753788395,1.1122887223384894,-0.856007244837553,-0.2212734642111167,-1.3489634166236457
-2.833335973629913,-2.411974338159441,-0.2497621703428513,2.4012833252092953,1.4820891141312678
-0.3711576648773591,-1.613018166739864,-0.08016361928592189,0.8584622252970577,0.6266215516104624
-0.1420472048700572,-5.2018719049072475,0.7189850551423281,0.34528238306418824,4.10317269555426
0.4571314213160528,-4.4019406983204545,-3.9316105039508047,2.2058695930095,3.4853881044227406
-3.0374426718961844,-0.9507840595871365,2.308183321169649,1.3472640217938645,-0.23645834303261415
-1.1444293719315661,0.22016192058569514,-2.1075304513728534,2.200533921820852,-0.8045040568294746
0.6181883517339126,-1.4151457659122302,0.17513723298235773,0.16127566983402858,0.8828120767617978
-0.37989027609706083,1.8313880128113165,-2.1223735278350886,1.7148182239277283,-1.9800524575338228
-2.988156508228698,-1.7638883923293012,1.4059720149289658,1.7417233018929739,0.4646152747517187
4.775827986671838,0.04362186586369565,-0.5147830445149284,-2.2794776601109903,0.39328153211592964
-0.5408085782830087,1.1730748475361497,-0.5212946193617802,0.9338334662383507,-1.6353638562334112
6.600563419141143,0.7293340144689517,-3.1047585826253403,-2.1242280530133177,0.4419332768711238
6.333897044753718,4.639658943397898,-2.2713293247751416,-2.3107274512875593,-3.1978194531397586
0.2720110387692496,1.4118106573161817,3.54389593664878,-1.2108342447363019,-1.5479547898170467
-2.4642022611252146,3.1170149853752127,1.6502542951889148,1.067722544971415,-3.4383704527532046
1.5198538604826513,-1.269002936295486,0.8036181758138006,-0.6841871350050676,0.711411906723354
-0.5824554944556251,-0.5769187888594888,-0.9337682639222477,1.153769056066107,-0.21556002361210713
-0.34453395308617374,0.044651201853370515,0.9777046011853988,0.2141246425223015,-0.6009312983899681
-3.6608291539683533,-1.985276069402415,-0.02339910460811201,2.7216449473600437,0.36363596488649086
0.7090454714921641,2.7515738069801348,0.8326765940374989,-0.28032776121055347,-2.744633490953274
-4.735367784762383,-3.286025902657487,1.8141992377576077,2.4296932652130065,1.7299143961825045
-0.9603513177117387,2.752344170202326,0.9986941767948518,0.5353803435276338,-2.654609034457546
2.541448749707236,-1.3742376871892568,-2.049330228274461,0.052750394650321164,1.2811047265844318
-3.8338937052278785,-1.1534594569672016,1.9738483951682841,1.8083518089836457,-0.4242810021363384
0.677020605682443,2.9198690193120567,0.7608425774206395,-0.16570405076426398,-2.6891919782535822
0.15741435954030303,1.1810161188037263,-2.3904778493566194,1.4863636862019,-1.480154694122629
0.984691542436678,-1.143440672015391,-2.329771190194065,0.7810430467005147,1.0361079524229706
5.45195395509912,3.217544980728791,1.2051300237068399,-3.299759591081025,-2.2207759839977452
4.747871902383123,-0.9508308286091227,-2.763171724567238,-0.9152669608893089,1.0531427442624828
0.12543187052884266,-1.936902985911846,0.16598199728136243,0.3925368502901875,1.253406178247093
-2.6709506668192455,-2.4165309321233126,-1.6883522831969464,2.929795417165123,1.4825533578289898
6.808995954169246,1.6986497737848312,0.34957764853865725,-3.9373002222136755,-0.38035992337892355
0.8289715419268152,2.9075342171480507,0.5023900003522808,-0.18188983226011823,-2.9962547562555524
0.14191398397541907,0.8059369148288601,1.9095960560733036,-0.41268926583108,-0.8709001468927076
-2.572909562508238,-2.321073982281876,-2.085042805805288,3.2182138880766225,1.41036421592778
3.262947126340965,-3.6678721813597566,1.1082996914619996,-1.9638189855895338,3.59886016668049
-2.2472357342011793,-0.6973888435740602,-0.17505583430738664,2.057314039206927,-0.15341223601551374
5.558726723526214,5.327844482064681,1.0140529313633033,-3.4351307847185963,-3.842322365627946
2.3943735293735506,-1.1548483151211846,2.083071847813342,-1.7738325869127132,1.412427462776559
-2.1017467482482095,-0.8842558864189543,1.5636945147564036,1.1703956895689234,0.15773344446455306
-0.7957678997087317,-2.9641402446977323,1.1747772255194098,0.3961330028238944,2.418756638016196
-2.272241323865439,1.3330779791977048,3.0911541764395905,0.4727117664351822,-1.770222049600652
1.0208771588653596,1.5890987647729509,0.13467169099078924,-0.16944106224422725,-1.3555329480483689
3.1108912871894816,-0.38969393746750897,-0.014684105906228595,-1.541529748336578,0.8215024987958137
0.6780158788570321,3.3697769667181863,-1.6606582319645704,0.9835218766724532,-3.032128316958479
-2.0113292101428213,-1.301251684495447,0.3987816763538363,1.5011025418365156,-0.017296589803062368
4.520134165560056,-3.4119821001162753,-1.9490232691173397,-1.486985779752097,3.673566712999171
1.1900332795914392,-1.4235469344602278,0.4190360053802882,-0.6496968472105423,1.1038624685300036
-1.9060137944872109,-6.165916527818634,0.4090697006776438,1.475824919094241,4.802550146062998
0.8055493452903698,-2.5085002848931115,1.6555399183391413,-0.5962065107393599,2.164412115652142
1.8994833489564789,-0.6184885930580792,-2.1271065601970074,0.24044072394033908,1.1383176829825845
-7.220899250654153,-0.19978800765549304,1.7476625119517641,4.360279779199753,-1.7842111010373114
-2.9696806577364416,2.8796322777150176,1.33209623350538,1.6450752445541625,-3.4888762179802493
5.932695424632129,-2.631009583350142,-0.28161784393621325,-2.7379516502614876,3.0385659504506926
2.7584439717505984,1.3462347090441484,-0.6133166598992257,-0.9729028958750607,-1.3838119512989469
-0.8320683279030594,-3.1938978812824668,1.5786033309532967,0.2670742265407997,1.7722763689665233
4.62992695093549,-0.5349981477977246,0.2683415885918218,-2.6719986507450235,0.9005533370628698
4.313181121966124,3.5786712022058795,0.4341523754727075,-2.3171491295468836,-2.5085942292670484
-1.1818314865781243,2.038262829815987,2.2880977661400768,0.46244430592391694,-2.5036966648952914
0.6179887025256056,-1.8249396656526269,-0.8775805000423436,0.6600542946270491,1.5948856758522931
6.853934240916288,1.1680585294406785,-1.7326008396616661,-2.8583578361576056,0.1172848254698009
-2.0947992380157356,-2.1748443954702275,-3.4743013951635264,3.628866456458677,1.289300875290065
-0.025758153595176844,0.3797622149898732,3.8478789854632582,-1.2155249440144928,-0.764443280791191
-4.877485651265886,-4.396174946392567,-1.0362993501411424,4.024499919748556,2.5626782674347606
5.498099029027097,0.035034014609540975,-5.013433864197239,-0.6590904318423283,0.6363005476792949
4.138972628552507,2.708572174316146,-2.205743920987582,-1.2058357364060395,-1.9641237157881652
-0.8350808855305436,0.4151009291420249,-2.808384653662318,2.3465403963504996,-0.6461125104440237
7.877722418974398,3.406901018236054,-2.3327514447605986,-3.331790305083337,-1.7765642197344083
1.4492959032137995,-0.3806712255683723,-1.4204282147183809,0.36679377049010925,0.24880170960298745
-0.8128556572913309,-2.905646246858885,-1.7068550454410327,1.6541336016797012,1.7561107685346395
3.1988752449515716,4.121835360194218,-0.9917330765889502,-1.3842528458112566,-3.247207423049802
7.3551750550511,2.6188932332794286,-0.7778386712935019,-3.716211827009837,-1.0808680761388274
3.6521966899380307,2.142537181433627,-0.29082064902471316,-1.527563390982224,-1.4762179721776318
1.1245115226895877,-0.15173675041215753,-3.5077527077823905,1.5072557273698082,0.008383205629686905
0.19908715278400857,0.9129486896072851,1.3267364393739833,-0.14440189652794544,-1.430686303460219
1.6726133503610328,-0.9352415712425799,0.0007045035695922852,-0.5179770626083058,0.8189933843564934
6.440986224196434,3.4839936960922757,1.618319560606472,-4.1188029757663225,-2.154307730010544
3.662150586541059,-2.163498021415781,0.7209158303922096,-1.9042569780758218,2.2637613989015697
-1.9526164387235576,-1.5847913325383933,-2.859727015874368,2.902501991415651,0.7815639950668912
-0.45164815229491917,0.5122714288454362,1.4941354018472168,0.08434412995886553,-0.9987142301664044
-0.9497020415939698,-3.3528027059936156,1.047349831624431,0.6604502234821916,2.4115008091282855
-4.650064153562698,-3.8275936538689073,2.9888155686910123,2.205429111358371,2.075273299951343
5.50752042282276,-3.1216478848563822,-4.046210899913536,-0.8545612683126991,3.6504075311940474
-5.4223677334968405,1.5711796197231747,2.802519325399538,2.5205800109644403,-2.8249262371672383
-1.4770124990632922,-3.333708359798549,-1.9511004541734573,2.404467503010446,2.4345850939407403
-0.38201458579511643,-3.348219232808324,1.307968926023912,0.14802682291823188,2.4164944171290252
-0.5654136763763873,-0.4041716213961143,1.8864969366111635,-0.13423579675965822,0.4254733290091224
5.4908572931609125,-2.1369122385039874,3.21788911510094,-4.358234144729103,2.397274257718741
2.2899208202033385,-1.1457335587883433,-0.8525322084452237,-0.5319439558778305,1.0959722045109126
-4.848179995556425,-0.13829049784734238,3.991564142660091,1.8202330426594164,-1.3477656848970347
-2.846283202079186,1.1320203389646903,-0.4685581968520095,2.6232234812402284,-1.843591580611977
8.12797197512487,-0.20657416467356987,-1.7370528015332751,-3.6064399950838637,1.4248517110656986
4.050712354241265,-2.832644752340319,-0.1268866995568237,-1.7721600957032306,3.0182487297998524
-2.261562487314963,1.0480469184649313,3.240651649030688,0.478146972856962,-2.1449124661441346
-2.1550168134340715,-3.309312412553206,1.0720430669009762,1.3226895221314792,2.464414812033512
0.45413511199071765,-2.457614161998747,1.3051916804289276,-0.2249421544690393,1.9820201626529612
5.672591276556215,-2.6036443605333623,0.22977882251505033,-2.88539799453393,2.9535986317014387
-3.3004650986970434,2.2204112505244575,-1.7556757883975362,3.4463421812352992,-3.1760278184567294
-4.257906067319724,-2.6929484586959607,2.140669006023354,2.185966300463763,1.1537629545475
5.671117386772273,4.168092002922583,-0.0024142408091246195,-3.073834300637567,-2.976407480324679
3.5497393871936778,3.201024112641055,-3.5260008459991012,-0.044364359704133216,-2.532721730986052
3.7686754282531414,0.3472854423473007,0.0017140471377741218,-1.5739078437161889,0.3206466796789369
2.950133970990288,1.0054150406206548,-1.1446546171316012,-0.7197864141965835,-0.8885318537442055
-1.1303932194584712,-1.6573678944181074,-0.5511951939667323,1.2911790544924435,0.7110477625124233
0.552387145663793,-3.8320362492999775,1.1441717270361265,-0.24223265639205382,2.788111540710651
-3.76621546389424,-0.8146587949378223,0.9716591577826545,2.4607338158972882,-0.4084114669282435
1.5356316257772316,-1.5681080000548402,1.3296590760989806,-0.9523242901428488,1.6866980638607085
-2.8339151003904646,-2.510323221055562,0.5020583397196255,2.3048805174857305,1.2283783423817893
0.7010837342767204,-2.770672897850908,-2.3726037255132573,1.4906697868334642,2.235329487150142
-6.609724376041942,-3.889907658989313,3.431251059713519,2.97727131012054,1.9478981627709266
2.493274404510335,-0.5801194318157957,-2.4264947618344914,0.011925794270813306,0.4887929731471523
-1.3605469566834467,0.638774917535085,0.47749937747142734,1.318034679663081,-0.8420526056861167
-0.8160580885212868,-3.6501714528725264,2.8807891322074335,-0.43289903459011114,2.456755387866503
0.6048308528591126,-2.704843129611229,-1.2987361911322781,0.5994197534335648,2.232826860379168
-3.2561829229415187,-0.27134586363822555,2.9566211595731082,1.3167237687994953,-0.6317607581032457
2.0887367090980358,3.0387265990189687,1.0397088033815811,-1.3004669399771287,-2.57454225141547
1.8556726131844865,0.8207436819613487,1.8689144684885552,-1.561727189068952,-0.5723414762811885
-2.907701980037671,0.22732436653924348,2.1766331624018327,1.4108892737505594,-1.0280039855258873
0.6651251035189606,-2.252886393535941,-0.9156877449568168,0.34457596809670865,1.7337206104625265
1.1256373008187466,2.630740465766868,2.1452132374221913,-0.7904826920274084,-2.6983464082138484
8.028662789428957,-1.2688561889273213,-3.708521594989374,-2.9521235752664183,2.188089905670029
1.4033743293130119,-1.824201669015244,-2.06789035413505,0.8870680220882923,1.3601022178033262
3.11644426437338,-2.3186006487180433,-1.5198285577701007,-0.6582984446066998,2.3967065687747455
7.345683561233558,0.13222901043195184,-2.465510399496903,-2.785703261492829,0.7740252907625607
-3.8972426177731965,-0.1406431054731862,1.8529674934595284,2.023121066751626,-0.8828301139932775
3.597057693588055,0.40821848147279205,-0.34260589247626083,-1.5270121375837786,-0.09228042446376405
-6.077098089602766,-4.583075148783675,2.006633107796206,3.5386191128550903,2.448241293026257
-1.0910726073949757,-4.17778475103724,1.458509954970844,0.6940740445487488,3.1387917314941287
3.2263994439085777,-0.6778215010062671,-1.579859373223586,-0.6922714797970202,0.34009728550699636
0.060143298921322835,1.521447018706126,-0.5752789894309431,0.8707389491700399,-1.6540556784628013
-0.15720999160473192,3.3458056717028457,2.608161268194829,-0.5664311291476994,-3.3818724941640643
2.5835755667552047,-4.954604058506062,-1.7697447281935983,-0.1826253246437799,4.447968341699855
0.11158467601895433,1.6553181310999625,-1.8627073959147573,1.1646319020544835,-1.9482897842602782
-0.26044111870621267,-0.19421878411123145,-0.9735202460246162,1.078674413856808,-0.10302488573256674
5.339369064164327,-1.856770060621011,-1.0326051763622868,-2.2046451896161723,2.4397967979851156
0.7136863986276535,1.7929583659376487,-1.5471953752767003,0.9507679162635264,-1.927041538650348
1.959619978360643,0.13979707550842882,0.767843515651476,-0.8767864479042293,-0.19498577186937205
1.474654788376983,1.9918354700303518,1.762888911566501,-1.1905586207541634,-1.9157639313131871
3.0752631288360397,0.416085652328164,-2.390464303517531,-0.18265464086344685,-0.07948817749563064
-2.2946732153010667,-2.3469103098679835,0.6509080535496827,1.7951842301474763,1.544597960067902
0.3402268567943774,0.5002976290706006,-1.2164604145433786,1.100171414147588,-0.7177800023041225
2.529254314569854,0.020581526893356294,2.160835782832681,-2.1626188670091424,0.11405120485753673
1.5093417165191199,-0.6344761452082639,-0.7819237071328404,-0.06668691759312806,0.5510875705363569
-2.183319121585365,1.4023665411117199,-2.3806000282460045,3.108439091012927,-1.9146327690029126
-3.0386641370472622,-3.9898044985917043,3.2214466532521846,1.1194046816810124,2.432879633625295
1.5795596796764257,-0.4710041243519958,-1.4799255400900098,0.31052201194624685,0.520855896996949
-3.7379188628575792,1.523809030234084,-0.5125522509144614,3.3505412109049892,-2.522002383743766
-1.2548787362534446,-3.1326223219063407,3.955630549927065,-0.3511104707505601,2.205030332093845
0.8502654504941413,2.556493771968696,-0.24797846989094846,0.22862078504373418,-2.616023973552294
7.290936694880788,-1.354893632429644,-1.0115714152567696,-3.799961770342225,2.388511362259242
2.376857912270987,-1.6553588084744435,0.35164036801270826,-1.0172217201547127,1.8366234853713106
-2.0468296361679528,-4.969929565223226,-1.1624219887093803,2.3236428461533634,3.5616441420484555
1.8702687379575504,-2.471600657412538,-0.9033959458159705,-0.19216228298525806,2.322769667413718
1.0087728453662455,-1.6547483921991577,2.6161921646040263,-1.3621330455822507,1.2350049018090847
-7.690328539396047,0.182515201666002,2.5501456370384643,4.255180842681458,-1.656115887007207
1.7864997904820479,0.5110008691635414,-4.504176713213483,1.4246072711662787,-0.6533682578280309
4.013419561766405,0.42972975906047484,0.28051738028248485,-2.0715354317961454,-0.2854196520236043
0.4882873287978814,-0.5889495680153106,1.9520148374092505,-0.4619675055051211,0.21982050045792023
-2.615909239742528,0.28452684198047407,3.6168384032814815,0.4308371752703378,-1.3229344923424953
-2.8477483957770984,0.9083499288463136,2.7740451724904,1.0187086859268912,-1.649157150261363
-3.956043150658746,0.29987697215284015,-2.3724869615735393,3.8757676037146505,-1.629804330864978
2.7035687644860116,1.5389232389823533,2.175587540234515,-2.059001502103741,-1.4284742152942154
-4.985885029757401,-5.34689230068433,0.8518978285738978,3.321606303832585,3.283888167705104
-0.18632519928908114,-2.0981093620781572,1.7864320641059925,-0.3141606641655852,1.348975002006144
6.574967002572374,3.19586825053494,0.35219740969699215,-3.6916232487520464,-1.530934866318175
7.074496354404336,0.5468758256036585,0.11545311341737285,-4.05258912123198,0.5593553920083868
-1.3313855937509655,1.8081279482962196,-2.3266242905887955,2.499582589025376,-2.1317807762754404
4.315772427492297,-1.01827906928872,1.2334894565749759,-2.968295667395198,1.313577982540331
6.283813540796756,2.1461320006906157,-1.5887160687372286,-2.578458699047979,-0.9847871790493021
6.632281888690856,1.6975093190857153,-2.5820684546352624,-2.2979971153655274,-0.6742570281371338
-4.310344149766663,-1.5216670913889743,2.436839986476873,2.256717960365036,0.029413413706618652
4.464547715046284,-0.49820344960278484,-4.609962103781073,0.08876939582187249,0.9604462516630112
-0.6861349359620292,-2.764124655127929,0.6120585086421246,0.5779581390274409,1.967569713496057
5.003485940876656,4.7413898284053495,2.558394207014918,-3.644796465811109,-3.7280465010595343
-6.971873338602816,-2.9423521930997243,4.291958904638589,2.877500842139572,0.6641929799626167
-1.7961759448675012,0.3415310738538375,0.15757705321622767,1.5354717406074128,-1.0336101122542045
-3.7421129378787414,-1.7801892484907622,-0.29533884620424666,3.0008283859192337,0.2270660764684972
-3.3116930058452754,-0.3433184893808853,2.97336032639466,1.271784785554184,-0.8064054321435021
-0.005055337206890664,0.22134500414663272,-2.069595940411567,1.3046180111452894,-0.4557310035350485
7.021182398768063,-0.004075624121430331,-0.5101161915757821,-3.7269821766313873,1.0691115241185067
3.992471267562745,0.5985413363048598,2.2977475269324037,-2.989786555989657,-0.11924599458872559
2.053985436453191,-1.3424417601892369,-2.589390434952693,0.40045504843021273,1.1919966823651433
-0.6359401896595762,-3.491167881811167,2.4203120212897726,-0.19355383440016993,2.7728015717783236
-3.548633812866295,-4.536659947547623,1.149163976179001,2.2283067069344615,2.9085043156406534
4.649930318266073,2.4986773435301,-0.14282884943688012,-2.3133304329046327,-1.9014878326867524
1.5128293929711993,1.5041068310264343,0.27063824420413307,-0.4462134481926192,-1.2757188630693512
0.9054459862324877,-1.3813616815873018,-0.4053899723041118,0.127918444507028,1.1171016632855173
2.4702379637541307,2.0725378414570677,-1.6788931819810413,-0.10032040924981941,-1.8509285713272752
-2.2147676061570643,-3.5387049419366394,0.9260814049434735,1.4728358728476616,2.162058528232071
-2.8003694378121917,-4.13217710339518,2.653180813386382,0.9520246666423582,2.5046946723102104
-1.7151465261738343,2.28328941137952,2.2769303504432776,0.45081209043138715,-3.028272320326705
4.950262505410479,-1.4222043004824338,-2.9487836970679693,-1.1899770752121588,1.8628245454867054
3.80926066943489,-3.4591102829796703,-2.897303035767093,-0.5428438700448969,3.601107818619699
3.776561647426627,-0.04128504870358468,0.48360702871737615,-2.165766660467359,0.8057968131447254
-5.0677896861078855,-2.866174146614881,0.050423060130397546,3.609628029860369,1.0338038317892795
1.419679686244454,-0.4345589787079545,-4.192372193791458,1.5830446661532505,0.29718163220072835
-5.941537896927273,-2.0251614658481305,2.639773040483796,3.0008330912525754,0.33267322509531105
-0.05404881080850865,-0.09283386930990478,-0.22015251638049677,0.788151493700472,-0.15909009205570523
1.6093102314105594,-5.370184496230594,-3.1858047306136474,1.1235248769287096,4.609918714586941
3.179248844948604,2.20509037637772,-3.747254521033096,0.27792298569228874,-1.87776899600866
-2.4778642458375493,-0.16329888594090292,3.6262213658082496,0.4151158640184084,-0.5346851103207919
1.2375589097879,-1.3029277010194806,-0.5451255945486642,0.2183399459860733,1.0587434898755266
-0.26755396598556735,-1.0561906025506191,-0.8563775954271291,1.1848628753074046,0.6349637004029458
-0.47304217881517924,0.41818991582384724,-1.4661489734656927,1.6765354849025011,-0.866020408049446
-5.366051431840777,-1.7716920469079722,2.4901965425029147,2.8866247962984333,0.27386668671213155
3.760382867000069,1.7310790578859003,-4.392359221195262,0.3561666741222407,-1.175180309781449
3.9761494095872187,1.2059788722550224,-2.2293011934457443,-0.6557305132982612,-0.4047325192536062
2.2815221506085646,1.1268949492563523,0.6904207200758877,-1.2225736399810831,-1.2506536811085835
6.370772848383989,0.8433925528270545,-2.681241109269386,-2.186287905149667,0.40144930172666027
-3.9477888196484754,2.646931105725494,1.6700500364236686,2.1269971834813335,-3.6625962430565973
5.535717816967068,0.09494047146850931,2.8095219237984157,-4.484299240711669,0.9829047391641007
-1.8155019975088729,2.59378243112909,2.7333788658959106,0.3416954937584924,-3.231584400908434
-2.5458448036219794,-2.1308318183510178,-0.7075922204419327,2.5625326836354048,1.3329286057180472
-3.29136725409617,-1.108607338551363,2.5690645042826374,1.4235682991347942,-0.22405685010486537
-3.3934448091010085,-6.187530466117197,1.7999031339267118,2.028128594085467,4.490362745254723
3.0504241157566323,-1.4986966643273147,1.3685995554526496,-2.019831808740032,1.4875184812673659
-0.3135166096872718,-1.774507922354076,-2.470564247085425,1.8118512316045317,1.0412730097259113
-2.625167682836412,0.7949448970205306,3.9425834171927425,0.22389458724568834,-1.367993510699403
-4.061159660099064,-1.2215359865279487,1.5462046429864136,2.0843966063381942,-0.09598917298545107
-0.008462862769335944,-1.6466941033069133,1.8502368568242669,-0.4284540010913089,1.3663805907457531
-4.885752250917593,-4.041778792334933,1.763803078716666,2.727485432217331,2.1652348492491034
-0.0386217264467589,1.3687603813323586,-4.26002156531197,2.546584433724338,-1.7483584438597597
-5.146670181475648,-3.856960038238104,1.9113192980851015,3.0374589123046487,2.022011861980228
-0.7759973923545607,4.245077050919122,0.6009885590433347,0.5331456665277479,-4.358678571265461
9.273428850895113,1.0771343010335568,-0.803274746627407,-4.706913656789102,0.254164979110757
-1.102695669600732,-4.202113395402543,2.101633520268664,0.2866114918003959,3.157854743898466
3.1382318990494262,1.1227987707994496,0.3212460819920342,-1.512748981880942,-1.0293971512485403
4.465091417687015,2.478910356179662,0.7297904047654079,-2.5151140525912457,-1.4857957778822746
-2.824539321714379,1.052687210692886,1.072020812140685,1.7088243001065226,-1.9554673254559702
-0.019367983094827734,-2.975861668071666,-1.0767434357836025,1.0357628549104319,2.154939165001138
2.8814011289762163,2.560647112229007,-1.2868215909398333,-0.4698766536843829,-2.1638191294665194
2.3721485730583876,2.9985042683434324,-4.6807981047177805,1.1409753591572733,-2.5947285852239323
-2.079547398922276,0.5061901101747195,-1.2058420412298076,2.421690210543523,-1.2493880182625268
5.860954727479918,-2.2049414850072635,-0.3298196792453312,-2.71040774239229,2.9450346731557255
0.4584035781355435,-2.54803672778426,-0.19830079125825772,0.25145113158350946,1.971870700987102
5.834687478023725,0.9046133643453218,1.6014180973890237,-3.795904805454943,-0.2926959390273478
-0.46223337393159003,0.2857667302861024,0.6538422702073636,0.5966437091884813,-1.1547715992196812
4.963437331346705,2.733110871834371,-2.384355212382404,-1.5669552518833476,-1.5313363258184636
-2.433655544103864,1.9958771134358595,2.8073703538872397,0.9504413302231532,-2.8626372522818504
2.1133780184571753,-0.315677719148277,-2.632740436361545,0.7134726347318192,0.5314295027219508
5.333025300423455,0.7606633992187024,-1.857422323384437,-1.8108033039878189,0.05702071489240634
0.7461381765271775,3.0154766068728494,-2.4115152284536054,1.0638777732835352,-3.2211581701439407
2.8805646982837807,-1.2741363155418124,-2.57885569171383,-0.17400169897052642,1.2585102323611312
-1.522288166233187,-1.7821418233076616,0.335390073364287,1.1799593174497958,0.9634150250042985
-0.36467486031307517,-2.2703029776827326,1.0781077736512046,0.20164596375404664,1.494498509273635
3.221837592792748,2.0751345169430673,-3.797276495673562,0.4277647400616665,-2.040148509767761
-0.7937390452596081,-0.8608221121724953,-0.658855148551726,1.214775460081809,0.2425563408712032
-2.1361740099682525,1.5351939601025482,-0.10526446141181678,2.221064187894852,-1.7843897539484321
2.374085592399064,0.47711334620144524,-1.5578129904286184,-0.3401667051019547,-0.34499390965657956
3.552074620045201,1.9205023397750016,-0.5964638109144376,-1.2236629843464548,-1.5425310004489527
-1.0709714358667994,-1.6430405781882655,2.379551645977396,0.22257143032405927,0.898025151101444
4.452763059625508,3.580192188431623,-2.7530169100586894,-0.908172978267812,-2.702212308319041
0.4769493508064052,0.4686651898726504,-0.860189187981302,0.49545095890599955,-0.6758512275861326
-3.496194455644018,1.5567041706110556,3.738120160724178,1.0120360071503396,-2.2841837414493784
6.8546452458986575,4.871659835441948,-2.8057368113796723,-2.184649651693427,-3.408765088089544
-0.9772247736989726,-0.32001605245857784,1.2742495048735591,0.5690700351444344,-0.2561374752928931
6.054762600474732,0.9999480429838505,-1.3548744977752047,-2.717980239482051,-0.10393314536039239
-2.418114362476105,0.9749588495858672,-1.827539671681401,2.887917075307101,-1.7091185871727554
2.4529462544501586,-0.6726012062535884,0.19679184961326845,-0.9462183704698012,0.4277800907486643
-5.39147475768879,-1.716328577404213,1.4800380381465452,3.1200615314493554,0.4123290100292246
-1.5928103683823014,-2.219992885064372,-2.5422470132670365,2.5417096949503724,1.442776453809788
7.102172997981962,3.14185406637793,-1.1822746282090366,-3.214111268240729,-1.4130651623112505
-0.8680700852500207,4.393839451357513,-0.3619895323854878,1.1466764211952776,-4.8750780769471405
1.4356583146467112,-2.281736658540917,-2.1322990581851955,0.5026612041422558,1.841108544101338
-6.210073952868157,-3.285065547653799,2.8838324135403766,3.079687876125713,1.2107982269731303
-0.8298953799577944,-2.5554920988063445,2.6900654929115633,-0.08462183940760948,1.7700812577032836
4.342546327660796,-1.2724174640160613,-1.1723563646621507,-1.4511039852189471,1.6422235635303875
-5.888539215267054,-0.04635306668489982,2.412406468272015,3.1093321178640903,-1.5373792529203905
-4.210982721574621,-3.2898624446883344,3.4760927690667938,1.3839800783385818,1.6071766561782552
-5.414115215958181,-5.704964502789398,2.291521950314886,2.9724578731670297,3.8265356911582113
-2.5759461610976477,0.20763228334350542,2.588129909599573,0.9242131453779665,-1.0936490927365545
0.49443811339694077,-1.2451798834975578,0.6480124197694657,-0.042364870032174595,1.0781989433332038
-0.6176815283858464,-2.659453339913364,0.1631615470597979,0.6267967946615682,1.8925646598936563
0.9163412297597817,-3.3538569765623625,-1.763683184402712,0.8531300276102991,3.0353966941388206
-1.526024649607663,-3.7858040485904363,0.4128132610245856,1.0954224573694726,2.4661943660051437
-0.7407349786828112,2.064053293497452,-2.4706250238875676,2.1125662550035025,-2.3334528913864645
2.294352504027774,4.100699104381574,-3.1354373640270676,0.8788719812267227,-3.80969726075337
-5.389604158538771,0.8787986933992228,-1.0534394052051863,4.090889087487806,-2.3723558894336705
-4.734935583116968,1.6494715242864721,-0.014686140236250644,3.500538209685401,-3.11900145770835
2.4217974141333403,2.2217190984666666,2.108191169868066,-1.6168550149369958,-1.8510127995257486
2.3826486094511203,0.0841693955739963,-0.20896258169513393,-0.8762602756852029,-0.12736768609246715
0.18070390048501617,-1.8268279864300592,0.8309154353805583,0.1314862130455603,1.3370778391191507
2.8278138303810856,1.320271978626388,0.30491408287882316,-1.4081710806734453,-1.0163722371334245
4.1261303448746425,0.4130114356956291,0.8672027439691012,-2.3360556645290256,-0.009164645209138733
0.8734097738977233,-0.29199968241132923,-3.5633152679332305,1.7028933532394812,0.09376871097359751
1.5043987449783625,-0.024015128055590515,4.353857045469944,-2.5726291941111925,0.006573055867029276
5.5889415572488925,-1.730267019982333,1.3245801573361096,-3.4561303476461926,2.486992339219959
-3.465877551347796,-4.347686976292983,1.817836425758237,1.9005006599335244,2.3465510552520854
1.850072261737444,3.3898228963457155,2.2016937888677144,-1.6727548852477552,-2.642177599588077
-1.2864177769936485,0.7757319556969884,-0.44621985758591753,1.5803459370404487,-1.1481898980419798
0.18575296665882857,0.9627524485414924,-3.2919081063056956,2.082588235599,-1.6749557255211562
-2.865490429964346,0.437486055454694,2.9616801470761143,1.1226854728868203,-1.5594659591848914
-0.16422185138364465,-3.731745460432424,-0.3289440317664063,0.4442043631010266,3.038750121413904
0.8677196261336211,0.6385641199593758,0.8236566291985465,-0.38125333481639895,-0.8222407151084381
3.1047866562285846,-2.5296837043339457,-0.8376018603015505,-0.9054711438327474,2.587187341557965
-1.329881776508086,-0.1403418706332279,2.7888422733427163,0.048741618501298156,-0.7572025350688976
0.7630549150529882,-0.5007416274213484,-2.056781800975466,1.088982332104286,0.7737305323500792
8.490571417792077,3.0081744622262088,-1.0146159379853228,-4.337767541379442,-1.430538197339231
-2.8542887607723464,-0.7382405927840296,0.23971699074737685,2.3506367734095206,-0.655257802434807
9.479044137943735,-1.5189904492594501,-2.232644348846725,-4.311203153812966,3.123820721095851
5.45609244402913,2.072818414357644,-2.2209438103729946,-1.8042663894867297,-1.0482662992854497
-2.6670388721217417,1.1790448826404436,0.16759254592211126,2.1953156931104565,-1.9529316495030924
2.0626919170873648,0.2199577592467437,1.5468988812177706,-1.422538991505147,0.02412886210959675
1.9935929902084149,3.8154738799515946,-1.283340339583268,0.03629181460596009,-3.5185527727452928
-1.0411419784575573,0.5209840432901174,3.2148769938194164,-0.1872066150934589,-1.2231879314016556
3.781718811485824,-2.9130197601702563,-1.7135008305386268,-0.9123691427518394,3.1548689532998098
5.51945303629789,2.598477807362345,0.5585837328808998,-3.089295086987298,-1.594107576283079
-5.166625706768272,-3.449434545385625,0.6856587303559025,3.412900269004213,1.715198092177751
-2.0603759322176893,-2.501961488176132,1.0387357614257617,1.3987347333345297,1.1190901138139542
-1.5486335522831831,-3.815044468113468,-0.6318768408998139,1.8532985655993324,2.3430450912362897
1.332800605119136,0.5018345094896901,-2.8527995341523575,0.8882421368491282,-0.48079087979523116
3.8754618835337085,2.5458439833884707,2.212060170489033,-2.7582697049193703,-1.8483066542416005
4.92409103491399,3.4220456246664486,-3.370428766250083,-0.8797753918143787,-2.410351390330113
1.6622046730388358,-0.5721292640695974,-2.3814875463340233,0.42105484550629135,0.40246482231263425
-6.020142404461766,-4.574042699154296,2.0170170327275536,3.3707101577510814,2.4061411403238706
-0.291416892642642,-0.5735591463148176,-0.446192668456724,1.1208857915184214,0.032069083278787214
2.443317848655706,1.2158274754331353,-0.8721060925013291,-0.5659035193425141,-1.082337061472545
-3.241769250952433,-0.4044082576609271,3.1720990841217365,0.9052445785365995,-0.6251530687516794
6.1926755128354,-0.7013537796764863,-2.130237848938964,-2.2079553919799983,1.5748347898216981
-3.605133604630133,-1.103054363191877,0.5066566206626458,2.8364926029871707,-0.20061962781918902
6.324297634044033,0.6665396797991046,-0.7264196902403507,-2.8858226962984284,0.3089241402934832
-0.9842751547225842,1.644655333044491,1.5951033189093324,0.43051028202641395,-2.090665118916969
-1.0878616516296382,0.18370168847748444,2.87801619924384,-0.3341834587331891,-0.7901759313850616
-0.7583870074610592,-4.902009043828208,4.024920928606924,-0.7247698687319192,3.2071126158275023
-1.5241241476619454,-0.7378941325557554,-0.4197893807435882,1.6510038406447993,-0.0011742852662000036
0.5209222654465904,1.2802667704858737,-0.07701974620002217,0.17613036422700173,-1.8086980411839801
4.597475608149672,-2.405322934431407,2.2019357919159166,-3.0554047369975543,2.6137246823138582
-2.168486192654331,-3.770900667422198,-0.5897378988436227,2.2749513585624057,2.745064626166373
0.21623077714033254,-4.525366812811113,1.153849911621657,-0.13955168204887536,3.910306112287868
0.9965520528112224,2.4954901401591454,2.006289242319461,-1.1354673205537011,-2.5025567957399817
4.916188418888769,1.695524862460934,-0.8405723764125184,-2.148024726970153,-0.7579159830916314
-2.909922936166627,1.1036999410683932,1.8230265903147433,1.3137973159740728,-2.1443811008371036
0.9976763650196442,-0.812516243105524,-2.9718741885713507,1.2903580882970858,0.6673973567037845
-2.618998895497514,-3.406891374904311,2.7657834631818616,1.2073291795615628,2.009763528383165
-3.132755232039938,1.4549054808394084,-0.35212866052569836,2.537410070849484,-2.466605167733174
6.801039458352313,1.0198964629722846,-2.994988108022002,-2.3469655036161066,0.29015674799980046
1.5122974392032147,-0.9600744003013186,-2.639425788910124,0.8956890586233516,0.7105222357725967
-0.018687787453819965,-2.76887741619141,2.9152098607283614,-0.8560396380843518,2.0437130518213653
0.2118131057035807,-0.5364716652405146,-3.3060483286964817,1.8083513578079522,0.02602751124625402
-3.343862722095283,0.4907274560070889,2.5970707044414136,1.1925802101089005,-1.6437124468044844
-5.399738025338624,-2.709247862137487,-1.1676388819866754,4.566428691423136,0.9321917154182503
-8.645288971624712,-4.187793818546076,0.5395876794237807,5.659109294185045,1.6608525815457895
3.836566571872264,4.935917512588784,1.4211195231131217,-2.2663820229003186,-4.0545729679561955
5.215814794222368,1.5810443341677118,-2.656690181184961,-1.4671430216608,-0.6634430177098299
0.019932100659789315,-1.5046377590057332,-2.2910648471218855,1.5353159940832242,0.8897869614460444
