0,1,2,3,4,5
2.5794892566615393,2.7730699916774713,38.175702273119185,2.1621457168078293,-6.233545151335692,14.803173915200189
-0.06534615432104632,-2.34236354905309,-21.896259684889102,0.5354016434621189,-0.3323685386356972,0.8659732833514884
3.2287226803532647,-4.933158233031633,-185.92800760754477,-1.2553665062264803,-16.141270177955505,43.5331638087044
-1.60731280424642,1.3421502910688834,7.179879835184006,-0.8384703206668142,9.26561060902186,-3.2532619373139804
2.362492548178208,2.383935966274529,25.84467994465067,-1.8447716720082947,-4.1379339595667775,29.05592649732474
-4.40523866037678,-1.8210976202344549,-11.51034511307444,-1.1944995271841905,118.22422770668412,-85.46905157833666
0.2830804850145946,-1.2568308898080258,-4.358922292241338,2.544396988164767,-0.8815219445368773,-9.781363152580512
0.9052885924800615,-2.047148273270257,-15.583394565883022,1.9796370169484736,-0.6682298231954049,-1.7011181356769483
2.767523494351333,-1.8134436360592807,-11.072548417973875,0.5919118661888948,-7.656698591370487,25.86358015771254
-0.7763246571557034,1.0608081498131292,4.1923677809902955,-1.9612311342998496,1.47344861514233,11.233587621291473
1.95545897779377,2.951047966011465,44.76608536683353,-0.03604025928160137,-1.5722495013370064,11.644559244486947
2.069141988807129,1.6716673566522666,11.351795453828391,1.0818672240553595,-2.7930857537981466,11.700775880274247
2.2554084713029767,-1.8886239753661318,-12.945098606437375,-1.7541699548946061,-3.8994372811578177,25.53856914309282
-3.7018652497019424,1.2145973690426495,5.3720418042237394,-0.6805026754720613,74.12331862991859,-53.02120490611281
3.06115868153873,-1.4940902118719717,-7.171146246798802,1.7127605060525264,-13.160344672585671,30.51160817720626
1.66268650262549,-1.5577956088198321,-7.341032166972945,0.3446108272019323,-1.1738322003353991,7.792246947816191
0.426441917259562,3.4580925958586803,70.09949367730952,1.0006450432107277,-0.5856438045255213,0.4555276476102858
-0.3733145439031979,-1.7514844330123323,-10.248663058149766,-1.332158852436718,-0.6317829404429017,5.535327243311867
1.6514892112604513,2.7106447281756045,35.01291585079114,-3.5044915990187224,-0.9644757655042266,62.51135577720752
-2.1558044339559626,-1.950992908077878,-13.919675066468335,-0.38702663464362935,18.270158640592236,-11.985283639303262
-1.8220603814861063,-0.46155731870596517,-0.22884924994802863,-2.994746918516887,12.10358640455309,28.163267485932987
3.026402264200865,2.9043540456141854,43.038672591133505,0.7138247403140776,-12.085504474242649,32.323472696252736
-1.8749762415303444,-4.677116698358487,-159.52962892958726,-1.0147494688050291,13.391224403195103,-5.061613986496546
-0.7678662094016551,-1.758655112868305,-10.192137529494929,-1.154514130185683,1.0052667036627547,3.0861818856763903
-0.975984588287035,2.941173364686009,44.9615884872994,-1.2917149505696304,2.9969883339525945,3.3803490692008777
-0.03526626693661361,-1.2717792723984238,-4.3389344180969545,-0.8687906943523833,-0.737838166054546,3.2911277013161557
2.592249773972398,1.5449022707554878,9.131719549877287,0.30397692687211264,-7.349889853902169,22.25455734246058
0.795249554521841,-1.065286434847915,-2.759156522249594,-1.8578536090134823,-0.8510681708157606,14.425760983507613
1.6999429252657923,-2.5432822273330697,-27.74264906617049,2.8558826064038465,-1.0528424598166426,-7.041775022966774
2.2154012247457517,1.5876477472318866,9.350360132783115,-4.297652610215739,-4.285757754446662,109.03469497628977
2.5601471448759585,2.0934279825394144,18.7686112133812,0.8815968803171499,-6.389919706907244,21.036534698277464
-3.665316550133264,1.6648620677074217,11.160409691384078,-2.601783239698037,72.52779378767892,-27.635245656835178
2.9822510943489275,3.6900358675447946,83.90011705543635,-0.660521992585999,-11.691349663848785,33.0087634368063
-0.0018624521197487288,2.0574724418708357,17.52330743099161,1.306117777489796,-0.6809344166796506,-1.0015005654621731
1.5167078504587563,0.7089438229752156,2.7385697710833785,1.2807163272427098,-1.0736892113730174,5.423542418084495
0.5525883106660026,2.084990163192984,18.334717934815522,-1.2228281292796177,-1.18578211646848,6.693652743898678
-2.3460121680846973,-2.2099153776696125,-18.666724534324864,1.3730022233887196,22.837739070225712,-18.20770258578751
-2.6896083174489847,-2.734603702827907,-33.97058624558048,3.712338869117782,32.66352500175197,-57.93174317700743
2.7903190536866487,-1.495789056275573,-6.418276242648543,-0.7701375755897053,-8.681666159155279,28.37096198943374
-1.6327557754855244,-0.14269698307220735,0.38886144376491566,1.668574507641542,9.190278442805678,-9.792678717979387
1.0173258350835885,1.1066757592496552,4.735056229752216,0.49621598832369374,-0.9505283354432854,3.485351604892861
0.30954832563433854,-0.23689511735001467,0.05000963353442173,2.653537952971798,-1.1898293311616925,-11.119017976695464
1.8023337422008696,2.2236488464390503,21.55272336423137,1.0570410300373103,-1.9960542152175078,8.598178384010591
1.9418928327039158,-2.163827133885119,-17.796907331504343,3.8375478308378024,-2.2815490201371915,-27.517431876361243
0.10810391191372448,-2.3481809919273298,-22.03241085924267,2.953639927758628,-0.7315876463723371,-16.08051061198115
-0.5358346066281576,1.5804124496886574,9.462695625722931,-2.656872420115128,0.1166793940678206,26.575689183937854
-1.3488458754331347,0.7442092485471441,2.567190713925117,-2.501281330502911,6.085890805376879,18.945462035452383
0.67292973058415,-2.414914784427903,-24.690932606832718,2.790212459947247,-0.3970099242069017,-12.33469169576921
-0.11327704942433807,-3.2070644199221756,-53.41697234484164,-1.8831849139684869,-0.1376411990222749,12.00647378786412
-2.8034427315955526,-2.2295840153163,-20.067226777111475,-1.0273274878766094,35.90687355354731,-22.68564318072017
-1.043503651008203,-0.7010590082016551,-0.978983517987009,-1.4658316021908004,3.138479218069665,4.727632557808499
-1.357921549963647,-0.7617103317234666,-0.908148573597579,-2.038643650576404,5.989098960148054,10.124432870791011
0.7761635532332588,-1.6912685501025455,-9.271722876524699,-2.053919968648517,-1.1140425569712757,17.07678959229799
1.9765131267300164,2.6727470049551947,35.06379111638385,2.2328787683765254,-2.4398448123048175,4.797624230130537
0.7929294554555298,-1.8627563078997749,-12.023833082326512,2.113506080674137,-0.3491170327396119,-2.8700440888917482
-1.1213953121338003,1.991054007755531,16.70024278383338,0.7545330378541324,3.921269312992825,-3.1031622941164705
2.3638266104722145,-2.178600712634697,-17.789995095937723,-1.0529155072441132,-4.521829510620617,21.77779842838572
-0.8039653834225917,-0.9934710899990029,-2.683853918960911,1.2945568376831798,1.2911430854465036,-2.577808948369951
-1.7493770729842113,-1.1038901294834331,-3.1813587300741624,-1.5650821082420259,11.627687826818958,1.089432595018086
-0.14231082566363862,-2.1856105048855405,-18.389249241995316,1.3543581687475506,-0.8185767962989612,-1.6397503561520568
-2.0126993566821176,1.1685181116068089,5.319963324686409,-3.8583273119576917,15.35274581220888,59.34436504394043
2.642092822204595,2.027556638462728,17.524050339467475,0.00793015606743891,-7.373551197162139,23.650271241807324
-0.992949884168421,-3.1568468825927183,-50.90232754651783,0.4243120719892126,2.699664504147845,-2.403370019030791
-0.6107711015405898,0.6112517323626347,2.2702779730916705,2.4156206315674424,0.3533568550532686,-9.646441405033013
3.604837318208591,-0.859164240905586,-1.2368422540019142,-0.07015723371456804,-24.238748946133274,52.20631755129082
-2.0292244746524872,-0.6259594336238204,-0.8755346588817889,0.8384008734420904,16.30084421559334,-11.786717916386438
-1.2216928626654353,-3.055084233421173,-46.79098629787877,0.8547718154851345,4.5827496889600665,-3.9572017552251775
-3.3115261941891965,3.1645862619385587,54.36008797026475,-0.15807569184616505,55.459205234292504,-39.59710062535085
1.8374838719227995,1.9787585996548882,16.882211253107215,0.03483329597217133,-1.5145198902207058,10.207282904562627
3.0935330915425703,-1.679922374862118,-9.296138887523323,-2.257666686375025,-13.448668295973034,53.14227133915383
-4.525231289124168,3.1719951086530376,55.437996051702385,2.50829259681828,126.4680833496435,-107.31868209500514
-2.0594005611038897,2.8406878936937883,41.50826288093521,0.2155271884738188,16.79961913105421,-11.81923720230212
-3.065952117587599,-0.4415609371506635,-0.3697563424598137,2.865555529241292,44.98674275001782,-48.262103348297714
-0.1775324527016915,1.3550090035636373,7.33397520440352,0.518173229639332,-0.5087556167849165,0.5678669236700452
1.8654613112356504,1.8813421313368635,14.434783467861063,-0.26029767526136327,-1.1942471182516718,11.02992842975214
0.7531536909500347,3.6472785357827666,81.36065741252176,-0.41807553091350835,-0.7637576822704519,3.559695091988088
2.1510163312889388,3.0690109610129603,50.57595817878375,3.222785196782489,-3.142756324801928,-8.135230652114746
-2.160472093833792,-0.3987862828599831,0.08694515605333308,0.5059828999856544,18.78443361980041,-13.44911347367588
1.043639685730992,2.4497362506329527,27.39773825347578,-3.330979224362766,-0.3695608057280152,51.878070682517446
1.1739679471588287,-2.4955021888993847,-26.937712888436472,-3.6915857784271298,-0.8970692682710629,66.82829962739432
-3.9207684086441326,-1.5327392338833183,-6.959529563213214,-1.0836818731885722,86.44674059945123,-60.8899131972521
1.763922509234063,-2.37380036803848,-23.329493966747233,-1.915822409403592,-0.7184359488574917,21.329360469898607
-1.546248094549579,-2.7596346579181024,-34.352028941238615,2.1235099946980123,7.806212006885748,-11.499607526938423
2.0003089562383405,0.2088238891613734,1.4164489036574368,1.6264220784917356,-2.432909445980431,8.430525766517649
0.6670770223922169,-0.5665817349845809,-0.5261741115144918,1.7807667256483888,-0.7047269515611366,-1.602979094503121
-2.506569934190627,1.4855472791592148,8.774348058775125,-2.166856773284568,27.132187238290772,-2.9670574476073335
1.9871969426099687,0.05695398411076147,0.35184400886132255,-2.5435360537771183,-2.393432246441266,35.97009547406668
-0.08987003122150583,-1.7737753850499307,-10.939935271494251,1.1764117220530264,-0.4944288363442749,-0.6047640784410735
0.1129158632012286,1.467579502989606,7.665922245708828,0.2689297080264033,-0.7005385907372681,0.9370674713883668
-2.721824407167006,-2.17338918289357,-17.899442067251734,-1.2802149495842818,32.873106795885526,-18.76289327001192
2.59115425646245,2.401985512310737,26.249076724888038,-3.6872441087434056,-6.819790369642292,84.65621647834408
-2.6352295586186156,2.0272242552104074,17.01506043999529,0.4595613253710812,30.9739857663619,-22.226308821662887
-1.154782279439642,-0.8331931755337634,-1.3901031074542833,0.5107615068191222,3.633731378838668,-3.0011744035306367
1.59030788200231,1.2462015490696352,5.894715862318564,0.04570717538238797,-0.11699225405120273,7.4960868140155394
-2.3485779237137776,0.929494993415187,3.717342077975194,-4.120721199443754,22.950387315613778,68.00621198027638
1.9398096553853257,-2.081139795712346,-16.06074199707455,-2.0667389250644623,-1.9892130283484701,25.415634629096765
-1.6977258185233803,-2.761518316532394,-35.2629476692262,-0.438501591286941,10.35281170841546,-6.492472824962011
-1.1811141230985376,0.900910348593499,3.238614565173552,0.06941565757171868,4.2050629397813335,-2.4618812191404653
0.5328719335629508,-2.252437613696528,-19.941733566226823,-0.06289353649846596,-0.9068106380401609,2.1374222249908956
3.6333800384419597,2.6718956794743995,34.35353742832259,3.154594544594118,-24.896085236454805,32.783140534549844
-0.3048756187758339,0.7568843231007527,3.164163401904152,1.5577936550223361,-0.37641626790924076,-2.360091886260925
1.937348918436746,-0.2666065070092256,0.15020455531603186,1.3660113601655846,-2.6561109001233074,9.264012943318983
1.574568001949325,3.172647130208855,55.16679631837451,2.7334713492351677,-1.113281121110071,-5.535142650182261
-4.36323569048063,1.4409969254029273,8.076770920414864,0.9116672327067573,115.24421348405325,-87.62541077644094
1.3337590430092676,0.9745407879800463,3.801222222123661,4.185205665626786,-0.5643884343671263,-45.7177350288005
4.182211238665375,0.731782959572368,2.706626808981519,-0.08691562914050899,-40.851323346283614,78.99815153402383
0.8595691330531645,-2.5669028438136605,-28.671006395230417,1.859820380629405,0.20203632269988414,-1.5082226972240371
3.749582023871725,-1.9538486489364493,-14.150576865210168,-2.012690515046043,-27.974057015769638,71.8738216932291
-0.24429617294992634,-0.996748084235731,-3.150567403840044,-0.6790227577977161,-0.2976718250975768,2.6792414460377403
1.5143062846397108,0.2320602060572362,0.4721831666817017,0.12018452682254294,-1.1344073099238818,7.1823979361164705
0.1834412254201916,-0.7793171573745414,-1.5678460820132956,1.1619440777443,-0.9557300184061123,-0.5475033255131079
0.6911555372856696,1.1115598913216285,4.847840540406669,-1.5543634251681895,-0.8630115351356847,10.186947905626308
-2.2327822189356197,-2.447764382679258,-25.004178285958158,-1.2674826700096573,20.70596693808566,-8.929037411968478
0.5054704321727712,-2.7772003235573535,-35.62698419693607,1.9172580192121826,-0.8344995029455388,-2.821877368825936
4.095748806102648,1.700813013038503,11.476236534572104,2.146524373028474,-38.822671635742154,67.56866528452768
-1.8811379913103365,0.342099064195424,1.0147923302365713,-0.8987414302534718,12.9076816542693,-6.740438632065501
-2.087282645861346,-2.4218928395040216,-24.558678431728744,-0.6283384502688834,17.115187008814832,-9.75571754438097
1.2994199683174237,-1.1840942962857517,-3.5915997048631416,-1.726491374742825,-0.8844809216223917,15.03573462749388
-2.2605757053518807,-0.9705280267730342,-1.973287458989774,-4.620839520977658,21.266472108671465,99.67550936701662
-1.353631324253362,-0.2731387941140524,0.7082098380200916,-1.9069242178718242,5.4910980269571645,8.182302361958136
2.7503296575687997,-0.5817036353811647,-0.6154141508933179,0.31168466310592524,-8.536191538019057,25.29307202473259
-0.22858806288017308,-2.672044977470357,-31.60957820934986,-2.5341695891012916,-0.2846483390403376,24.28148658873009
0.012449516388147952,2.545753314600628,30.75724307612086,-3.818482309264477,-0.6931954591192568,69.9326317965695
0.7986131392488304,1.011421464754193,4.286166324631816,1.0133867702449972,-0.6761506280985259,1.209158606292446
-2.8044142130256824,0.7997175743967022,3.440047290912197,0.364050084182438,36.19815129928502,-26.033088244059726
-1.242259801868545,-2.5541836399125746,-28.398258378947506,4.420821542281953,4.718789112439821,-64.13946389478734
2.1307555746008804,3.7201716432483516,85.9236884634812,0.6124393887187153,-3.247707127010362,13.444182555077616
3.1024158953928165,-1.849208620373087,-12.15190956192932,-0.9579987556350416,-13.92431594790406,37.91852464355899
1.0307827937386334,1.252590021767055,5.9526992632686,-0.3716940975546652,-0.32861033871465817,4.5196732697478375
-0.671369223054477,-1.3708136106263242,-5.3996354150636146,2.224055033405193,1.3163892958476522,-7.755946430800412
2.1616186486021,1.9071099929257649,15.402916139834398,-0.4654687741399505,-3.279577133419764,15.452238813447504
0.005452528658120737,-0.37870112608023276,0.07225746166490397,-1.5063692501140278,-0.3752567632952462,8.162818672767159
0.6859546490481091,0.5194680784374928,1.5806254575709984,3.120795456196607,-0.779622756873588,-17.771408846817366
-2.014147312354334,0.3288758760145094,1.179281930333972,1.2471973555659155,15.76684217885995,-12.053651451134774
0.1494941815227815,3.047188327112937,49.679000803395276,-1.5960426425813912,-0.7381990225523353,9.2221978441169
1.8017913995070454,0.7522493830119361,2.5266710815297952,-1.4073887937939316,-1.4187661736610577,16.02917222500886
1.9420047934595044,3.250410634112141,59.179615054371034,2.7044823473751793,-2.267782885912882,-1.3308720526838425
-1.2702657292740258,-0.6976587575502584,-1.0877980696290712,-1.7137783884281352,4.90964653038016,6.1370150586668855
0.02897713576226385,-3.8350828168993987,-89.64149750659925,-2.2013988761156247,-0.5013639209791954,18.320576285643295
-0.22624432676724676,0.5069004111629208,2.0772934890750485,1.788692934703444,-0.3521343790104816,-3.560526250664736
-0.16454497769656407,4.045908326461351,108.4397385294681,4.412834080527885,-0.800742026370048,-60.385404242408285
2.125136928964838,0.7634688322857515,2.6971692459623084,1.5891335844753298,-3.195579647861792,11.455397567527633
0.39118532157564134,1.0291613814144138,3.7634470626663044,1.3476173348122187,-0.9414010993862476,0.5942697410302921
2.812344248817018,-4.31447439056327,-126.38262804180472,1.2367152595487514,-9.408745296328124,25.631124721865426
1.6555785198980006,0.05221973108012823,0.9481181361391753,-0.5073249267242108,-1.8738649457947378,9.73752747847388
4.142302710868029,2.9543769722744884,45.42366158490143,-2.5396124676713585,-40.00342666030002,100.33436722848673
2.215326343923719,0.11199123696490698,0.7754594835976416,-1.0093863084874792,-3.516083060707493,18.550049063007574
-3.1877897458147513,-0.5103334613687758,0.04644176144479312,-0.9795747259303572,50.5768039838873,-32.99694255057946
-2.0700069559707672,1.3165321892073019,6.960109864810115,3.0665951398784066,16.366221396647376,-31.161264933583432
-0.48579149294862844,0.44216810457318545,1.7013713895580396,2.1141365529057072,0.38354944011779246,-5.729894466817996
1.203296585442946,-0.1406181510136753,0.2541486786182673,0.34595630771611696,-0.7399595384306925,4.332071601642498
1.5304835115750772,-0.37394013153202527,0.38015108454922947,1.4175905688518549,-0.7132080373040771,4.857218249271262
-0.11607350826958616,-1.7900280786360625,-10.744776727009613,0.03809551782663223,-0.9579268924518711,0.35515506882819176
-0.4192310046255563,2.821047426370871,39.92986242813089,-2.9691717626456615,-0.2121761661419077,35.33502521715707
-2.1865717993679348,2.6550523554251306,33.41678122848681,1.4057612635726076,18.985327101451144,-14.798932089354176
1.6238200865946515,-1.908252928188677,-13.050571176236872,-3.0683994998695114,-0.6809462870261787,46.691590958133844
2.405241219838938,-3.0210508966715306,-45.49973032027567,-2.8579479684926206,-5.312515482506619,50.73515845430367
-0.5998202664579326,-2.5987913042160073,-29.708029766313384,-1.626986620704805,0.4648495330559184,8.424779831410328
0.18951113881913279,-2.933308011781456,-42.09697644018819,0.9220627298491431,-1.1868031582032805,0.2887219635107803
0.6777638261721419,-1.1803324192292877,-3.92794111770515,0.8089769753756136,-1.2262148556403105,1.215935673656455
1.0122746305136916,-0.23045066412132287,0.23407622013481658,-1.802414251603443,-0.24456165119676493,14.663845176264568
-0.23820120782678122,-1.4691145414418945,-6.583595232047546,2.479059222016112,0.006494907190210175,-9.773644783198586
0.6577101318655236,1.8459893204244886,14.121104277386978,-0.7855379193589613,-0.10703889841942027,4.730825203605657
-2.3351342846029715,0.6611427354526829,2.4562319105722454,2.568287938772171,22.030112635394232,-26.932210506185907
1.8360808615947741,-0.5332041473313371,-0.8247035535199184,1.4522151641840793,-1.6752127411000066,7.927175646271985
1.7628044448244526,0.6624241863622785,2.181333383672403,-0.38624607290491086,-1.0916018204489375,10.165838659167544
0.9746067298530909,2.374749316869012,26.012421449568897,1.3415726131643886,-0.5964112440236634,1.6710260377140564
-0.32414505447776965,3.0342403320515503,49.30340763550205,-2.1645735905939665,0.16810539152586967,16.6223129372061
-2.9794003592192815,1.0526644529134221,4.634725217426996,-0.07799933133439019,42.16498761808744,-30.483154876684186
0.5639602443146883,-2.2626961569765687,-19.6482619395835,-1.961329111564289,-0.9805015166236104,14.674696239163085
-4.512605362163593,2.1710531438946385,21.0408704754548,-2.314976093811974,126.20312176654166,-77.05543086403861
2.770714170314045,3.935751703095164,100.71565612700353,1.5580907029297189,-8.35848422715079,23.920660332791204
0.4170294058020574,-3.421625246388121,-64.71924522181449,2.1464752110237955,-0.9115965158586337,-4.688453638086636
-2.358453776253656,-0.0918867436085562,0.7324804582213005,2.2416750472054447,23.54697633298821,-24.288683037026114
-0.7081754790693227,-1.5159674337258484,-7.258899121593508,-3.3399888299319382,0.9341402661197344,47.368363240610066
3.5975784385521776,1.87472056913799,14.305093057942353,-1.0328285192310245,-22.956575038689458,55.193187775103105
-4.250279708239668,0.1061161668732088,0.7614896439556151,-0.5630511582762674,107.10531938116435,-79.39060191973145
1.7803744522333709,-0.18912752307288183,0.30395750911414876,-3.553387872753217,-1.4060424235128326,66.00910280242579
0.12195986995916286,0.8033350048994152,3.5868269980111136,-1.2616458461998048,-0.6005066103306446,6.009074615205924
-0.45973115638104745,0.07552291760558905,0.9483346698139516,2.4713082484165128,-0.12990548235690674,-9.845916096181755
-0.14675478247571416,2.3196519609626627,23.966329101722565,1.4947703621448096,-0.30256758348406887,-1.908022406982512
-1.6501440065172566,0.033588706066743024,0.48647037425080364,-1.8518704908766515,9.281603510824148,4.870318294967615
-1.1519800568517868,-1.190460247437204,-3.5912165242490266,2.7953927052781133,3.439565600797184,-17.124707147628737
0.344470679166188,-4.6406178130477365,-155.94803875457697,1.5037335730111838,-0.6820463686029454,-0.8747302659115429
3.398574257693825,-2.9495858920239764,-42.26508400300768,-2.542427819468215,-19.8402021781901,68.1774052579156
0.7604501391744324,-0.12782019921643561,0.3365239622048085,1.3286395685802992,-0.9132747909372987,1.1798778454643415
2.537030711636401,0.5637375852039832,2.2234992929125528,1.643339421933002,-6.515223364309406,18.071387853997184
0.7838764493466448,2.642745874214278,33.33552336551278,-2.991564120183515,-0.7871574688886518,38.778876034030404
-0.9563218528706279,-2.706223809951075,-32.82641254554968,-0.5274051204503483,2.733910126153827,-1.2466523485067031
1.6558371200007627,-1.4816633150615637,-6.827232192038661,3.7092352227400696,-1.5434796455775381,-27.071747524063472
-1.9789931805213494,-1.8174033006118817,-11.191534784355934,1.2246608789327236,14.712664293242872,-11.976935755206782
0.7962843879868831,0.9380589547369057,3.218954081447352,-0.20793512656970625,-0.2230942757588708,3.3879945426723603
-0.7433036190503535,2.665318950605985,34.65629548620391,2.4387427325692483,0.5276866472067056,-10.509733438590851
0.45038263936866074,4.198082409536522,120.78533467305478,3.4736007117697474,-0.7987708316441146,-26.617614417139315
0.3139763945814713,-0.22865557012096005,0.14535658900699303,-0.15565519531140976,-0.7899823951811318,2.337960781804622
-2.7385438135762925,-2.193880653188849,-18.602158418715852,0.655568016584094,33.9776099272904,-24.443398712541093
1.5007185268573737,0.0016094421586878571,1.057758188068455,0.17224257454059835,-1.1737293104107889,6.284803525828365
0.4099953590519694,-1.874092700291142,-11.639640754545113,-2.507229802955024,-0.6020206758868282,25.098363561243158
-0.3665041655535121,-0.23792842438592787,0.5623440987887836,3.137778835847403,0.21495336824150438,-20.63658471336087
-0.20559738373067904,1.6901188021978393,11.309961487866593,-1.985197877504643,-0.6413709138375356,13.505864848292452
5.327254783806574,-0.3457330849660678,0.040942560227264405,-1.453010848029993,-96.09865387047032,161.53917703683794
0.4786260298308767,-0.8117103313738117,-1.3076541013947867,1.6430960994952306,-1.3560938624460266,-1.4772612887242285
2.1271161468072166,1.3278806689912857,6.2062560574829755,-0.17481642672471942,-2.85837639581585,14.447151737117924
0.25823216414821837,-0.6196075033936217,-1.0171366024757817,1.0445332780918417,-0.8967147743953702,0.08926046900810064
-1.2562914858903214,-2.3764014469522614,-23.384452371729562,-2.3838367772089315,4.992971827639039,17.484570953781912
0.19816467086560596,1.6497056622658568,10.11431219324401,-0.6538858967704241,-0.5597946048466786,2.846227095387854
-3.555535036168096,-0.3096898140112475,-0.06462755923459504,1.8155054926535963,67.11809928127448,-52.95589906295743
0.4859123705707409,3.089594801556767,51.71729925364505,-1.6082423859635702,-0.31740855643130617,9.961407386463932
1.230903551345724,3.047507115589714,49.49851068637121,-2.130465387810788,-0.5976777238375872,20.663569648717857
-1.1507742522997264,2.369382212934065,25.376409507578447,-3.779485517286256,4.305405053941343,63.84949433045853
-1.8737019720522448,-2.285018218559037,-21.099011186979286,-1.1820690101496791,13.244363291229122,-4.401460764207873
-0.3537870849199295,3.0988266914829916,51.40296752537973,-2.6044762675661266,-0.3863682182121319,25.00087373767344
-0.30115177984199093,0.8067797637210405,2.862905471010067,-3.8574154181029647,-0.7583411362745835,70.37170884682249
1.2183655654864012,-2.3041447215756214,-20.98986364591746,-0.5720370186118072,-0.6501606754274989,5.816841994053911
1.925736727015765,-2.4204727112911524,-24.636465289400032,2.327090267127427,-1.8934207412676445,2.2524376667819888
3.055151162182355,0.37158531311896303,1.6952082486648656,0.9462745493972304,-12.921346674682974,32.57565377117077
0.3603962538698967,3.327070568410683,62.90871227030779,-3.4718505078903643,-0.9604058248846924,54.94030024269284
2.200707923139273,2.304264507798896,23.983307827449316,-0.5391820323166061,-3.165207731553453,16.15195172094304
1.16741656127372,2.713922075005672,36.142146337985025,-1.3009748295265513,-1.0280065401634768,10.198171044054325
2.2455353155244695,-3.374087411121097,-62.28655607089713,3.0863723219642774,-3.995859644864574,-3.533111043683043
3.1055056634697666,0.3953153977136208,1.5712073934612962,-0.3520496241260689,-13.69808965569546,35.049239129559645
-2.8471518578495267,-2.743008350971618,-35.11422144052028,3.6438822665980064,37.4448194136927,-60.47723864448489
-2.3045069496837423,-1.2828393303926562,-3.8715792890954708,0.00114326907544305,22.10149064541366,-15.323627140680907
0.2697030060355768,1.8818337961064777,14.087651000813066,1.943786684159575,-0.8542079438123189,-3.4089839263880095
-1.3052680971557935,-2.3205331657582757,-21.650417045876083,0.1430044527695088,4.8779030341894085,-4.027440207850189
2.066930269906317,4.380222398478484,136.71279649892912,-2.319035029492949,-2.2772161881412507,32.37441222419203
1.604341547589708,1.9347188583903672,15.626409244096577,-0.4920710257134471,-1.1195607016573923,8.451585907052046
-1.8802970808598913,0.2060098604948022,1.0122027962918045,1.7802124377025281,12.899743388688119,-13.694734168993174
-0.21039438890672213,2.2433313141591587,22.180386712769003,1.0612670987734658,-0.43659723182323573,-0.40476350757570395
-3.590619371731468,0.8852129547747521,3.512077008607163,-0.5000464513233844,68.2370360195239,-49.813772557956504
0.17819417388840197,-0.6332993011626263,-1.053808457654372,2.65511010276545,-1.2285043355137528,-11.486495773785013
-3.521703025840779,-4.725532358729829,-164.3716746360625,1.4854108251582596,64.89835070906838,-50.62596950954941
-1.187695076912915,-0.7468185315370289,-1.1833604638287265,0.6206822565481801,3.497048199525712,-3.0468087422214594
-2.0350345692087832,1.1726453271659305,5.895731627947903,3.2857948312841705,15.899549075280527,-34.63849592654378
-2.0348613188188223,-2.2647382396928113,-19.743438309300423,0.6808257818598485,15.633623256287146,-11.835310020426036
0.23558872676899445,1.338440387894721,6.941875376377592,0.19722270500227546,-1.1701025420507905,1.5365941364198925
-3.3147542591970858,-1.64586601968798,-8.187271660912675,2.669711242988993,56.42681151005305,-52.6986708489634
-0.8195890957420059,0.6726057062327775,2.2947047020643447,0.20071633051274296,1.9307971081912074,-1.8267795049439677
-3.5796071650759433,-2.7387093539976823,-34.79488246603511,2.9985379827077754,68.01552013381176,-67.67968983697932
-2.7976844205571783,3.4700430842265337,71.04144344216034,1.9810010660014181,36.00120589500725,-30.351754320121927
-1.1152007266600268,-1.4687184393733328,-6.542507766310217,-0.9164227948477474,3.3131353733774977,0.3949016056517641
-1.7372072596874606,-2.2786641275248165,-20.57580001891673,2.815004931747861,11.269385939692288,-22.603890952618528
0.249123818696527,-1.7084825593142026,-9.678782431156302,-0.1322945683745288,-0.8459029023854499,1.2588099627175895
-0.7967202773310313,0.11807351735630656,0.6102900574038197,-0.4955397434033222,1.7542108718631444,-0.3952809116941244
-0.2881879052413572,-4.799351664099154,-172.03524916067778,0.01942819246795971,-0.7968032577789832,0.043569691083235884
-1.8406340909832177,-2.020285572924926,-15.470143966880599,1.7052530693868846,12.866309761931348,-11.562699244351363
-0.21217139125550522,-0.9367525290547666,-2.1930275970799116,1.5993080905802333,-0.16001888105229206,-2.6190011078779474
3.6346708710170708,-0.9554630381726715,-1.9982887194324372,2.403635944472101,-25.160320472354996,44.04084409153299
-1.6944518724986355,-0.41914789501669636,-0.1412686395829075,-1.2859846939280286,10.462506575199283,-1.4118604076583499
4.10569102175293,-2.560916023143146,-28.12556396886914,-3.1324432446480475,-38.737949882583166,115.77306135342457
1.2314840236849878,-1.8218655332878504,-11.699976754730873,1.112990436669715,-0.7769333801229225,3.6854623373133566
-1.7249859715945166,1.961776086741647,15.398445637368129,0.500390879493243,10.565721975252181,-6.752982719944965
-1.3158781349956807,-0.4400432599221803,0.2913549162955609,-0.716309523968444,5.496660361485709,-2.0382379528500447
-1.5659379364965837,1.3419913409625956,6.912508525189529,0.13083934567132116,8.187859942993967,-5.857532778185414
0.8244937368441805,-0.015031864594985067,0.3939008023033316,-1.2499696710447763,-0.27224709846797907,7.694780562807527
1.2336139765314256,-1.0255986900898144,-2.99328046492937,-0.22997363261068204,-0.7821342071097376,4.788045761750376
0.4662715691529678,3.241582989826625,58.235655297208005,2.1705436075244378,-0.5598800331197217,-5.0470486699089365
-0.18362387764749522,1.0261545279768964,4.900992165189137,-3.356014096500326,-0.9669248686822229,49.543193276756156
-0.6222038703852939,0.6490373196723652,2.122981904883644,-1.584613846428209,0.7930745067382888,7.496062944147417
-0.8338742749515811,-3.177243932777654,-53.42030839220344,-2.7999291384907474,2.1920697353268714,29.412547268078185
-3.03379838748509,1.369743970434988,7.402829605970173,-0.3733919439558657,43.81576465752607,-31.159033166228358
1.1544369862742783,-2.842371278825696,-38.581378858176265,1.3378420081943483,-1.3691786155902737,2.3976266952531935
-3.2560771332765395,3.003037813804942,47.49255989778313,1.93694433134579,53.21855027720381,-43.11169448093971
-1.4670044653766225,-3.056017052885289,-46.71498116057247,0.2684070029339569,7.087595429282042,-5.324123782344384
1.3773746132911397,0.9439600596542841,3.82391313602802,-1.0342697280673017,-1.162333529439367,9.42937791469409
-0.3730087961758163,0.7438923099065433,2.5075091332239534,1.114761963863254,0.26444671719648327,-1.436884904256753
0.3366628026727787,-0.40237405970147067,-0.3758478445042435,-3.0925545150507334,-0.4406997035829807,40.84686953979732
0.7202210388152104,-0.8346704820142762,-1.4663508739654014,-0.4435723371601137,-0.40147575258488744,3.81423659584895
1.4111266242272524,-2.183039842959618,-18.186465356077242,2.3784555403384253,-0.415683838872386,-3.0030845833190676
2.2337511766050917,0.14594060647357276,1.0153154928894936,1.6673842457314276,-4.018350586581522,12.701241096079244
-0.9264783863947267,0.4365056859085609,1.3100709415851104,-0.3986360525939574,1.9081340423506128,-1.3891977834957796
-2.8835994804621925,-2.1376882867074016,-17.518537279077115,-0.4074995493782305,38.41503739466863,-26.917311590409035
1.8253357012561429,1.9782717159893806,16.114911846521487,0.6809745399862488,-1.6274420499364404,8.957435686097591
0.6967400249928493,1.3796747129780815,7.772655652139739,1.3813492328483652,-0.8549086209518144,0.4100120964890306
2.30886642911744,1.9920600631746754,16.215487804019556,-1.6807887707290088,-4.261244182656573,25.771414691391147
0.7588681811762139,-0.648389721291305,-1.3592288061911564,-3.407855228026067,-0.9463423140904432,53.83410675156223
0.2913303768643778,-1.0213020525902279,-2.811538154589332,1.5002787633500334,-0.019049201609639632,-1.1733192596134117
1.0838917770925378,-1.5442106375437818,-7.949480411914445,-1.7467923895981345,-0.4358790801091319,13.466895835952947
-1.4397315377634405,2.1232121446331953,19.47099021400201,-0.7604357862006692,6.530699064413071,-2.959033939031746
-2.0286073038872923,1.5163712651256482,8.863892359128105,-2.2973468944413415,15.697245468455932,8.181692590409043
-0.192779521938778,-0.2920855633785986,0.5911573031545566,-1.4816031057993673,-0.03899054937709956,7.476256931719066
-0.21492834468814503,-1.7932172735206848,-10.195160446317642,-0.9005191309170208,0.3476483454788689,2.889016145528004
-2.8591822073796123,1.9021405258112423,14.828637930862834,0.3678430028324319,38.369030707082125,-26.96234010328575
4.055875040398096,-1.0749659206547333,-3.2753933632210996,-1.8783117063219874,-36.59494510786468,83.66185691730489
-2.945837744881865,1.3294732797067361,6.823556662344585,2.5471451593036982,41.046151111681056,-40.175760182018266
0.5630896027295811,1.2902384737906167,6.533535099351201,2.1263147221569225,-0.6012385172150786,-3.7942007103348137
-0.6140520799581259,1.8066745990163056,12.995413784876815,0.8576839175624053,1.4260263873323784,-1.8866735929377976
1.6914986990974739,-1.2376704753702032,-3.959752699157499,-2.9041507226973797,-1.3588017997374617,41.967648022887424
-1.1455912414212557,-2.1329222957976333,-17.074261739640587,-0.6527660427391164,3.8405658579358706,-0.8173998474856954
2.0646590563121388,-0.7177643795064356,-1.0562860313166904,-3.6111964415771256,-2.2943467769926302,72.21894316349058
0.13279920490706454,1.3211221635253718,6.805939990445073,2.276058843448376,-0.5014032888239554,-6.504069160537043
-1.1460138468304453,-0.7640083835987346,-1.2224332501354904,-1.817718302272705,3.75505382731539,8.2925480662567
3.25119464176388,-1.4777599029396518,-6.927074529313416,3.6522737845292483,-16.36929211303769,6.24510774379423
-1.3782774917722558,0.2884619111830431,1.6769563968599317,-2.9035535119827536,5.9671880960100925,29.419345521792057
-1.3718481698398173,3.252096557820612,59.09842472052571,3.8008267466324086,6.275021100458029,-41.34878955975629
2.08771584456198,0.2584276493238138,1.304308963345004,0.4407849008267038,-3.1807034875280435,12.579256841237566
0.8381489054056219,-1.3380004811730415,-5.295205987157083,0.7348192185472668,-0.6593164826548344,2.2203231866003335
1.7595140068222497,-0.9106490751600913,-1.7395246469434988,-1.4885253665225435,-1.0139172351733778,15.792989648383223
-1.646776943015851,1.1359668665028493,4.928135507926723,3.6620202872037337,9.294297570577704,-40.17640631162084
-3.599165566926465,0.2933605399771406,1.2235072352900436,-3.1787530359718073,68.4013346593472,-8.741142027070397
1.544663972831282,2.548562280913311,30.659890208139647,1.6451511973732118,-0.987317679886119,4.303656350985249
-1.1142308347480057,0.34401577166509245,1.4237662268597595,1.775765158274215,3.5568769546014756,-6.595588530665995
2.981447301604652,-3.7109625678533797,-81.33545835594636,-2.323450635951971,-11.756429185062245,50.82034786229309
1.5839879434585618,0.4606675911765832,1.7347695917387023,0.06331105761078759,-0.5997916341033664,7.692390504157616
2.6652104593518455,-2.195759060931807,-18.80512580590772,-0.16412807264898976,-7.815576278532335,23.733852619929593
3.4312695464230663,-1.357372729856441,-5.168222386822085,-2.6048598103166034,-20.190933230059354,71.28766049381608
-3.779321153803343,2.22727857527556,21.581885789547645,-3.6004309503303347,78.94109999398727,0.2626935234187598
-4.043415471946249,-0.5172020518389552,-0.29793812137083825,1.4749969950196067,93.89542926820619,-71.65401608080302
1.809587213190049,0.026892943218820187,1.0279943351713834,-2.454556818779853,-1.3258579454394839,30.81018969893334
-1.188433987118584,1.8816884937491989,14.266242593208391,1.352675152431223,3.9121597614019863,-4.558668936383164
1.0234501957538096,-3.038900472611746,-46.26764870384513,0.4808176671798712,-0.6759484276600763,3.503880962056202
2.831406792598294,0.3093310464037823,1.367157213840106,-2.4726276850393556,-9.989001094410295,50.7460041515726
-0.959404860811218,0.36745288536074094,1.0862740598163172,-2.242936936950371,2.3163822671534597,16.21135116676908
0.20858804669478737,3.047201794937144,49.461833183228435,3.888368246852033,-0.4892695589831932,-39.24175559598117
0.7915053243668451,2.2291756497235364,22.097200560181424,-1.6277155504632637,-0.681257314769194,11.156846760862278
1.1898723020819624,-4.716575015512831,-163.507772100634,-0.19372166284992162,-0.5869027162389967,4.776114252198914
2.9141795924321086,0.45281746125397493,1.5831704703725777,1.6513640738414126,-10.563334521655243,26.535794525519897
-1.7066759925252502,-0.057896826976016336,0.2387763819130193,-1.5100920279806438,10.252946772550773,0.1208988923771974
0.285771344920422,0.4071842702331748,1.9206864986266572,1.3928638747603368,-0.6249984049352642,-0.4881001540328533
2.5187956053914444,3.8233995930631934,92.56701209524837,4.283960121301031,-6.121720561618075,-34.512610923659516
2.7193865293507566,-0.8819581451522918,-1.789450699652837,-3.5185840767493874,-8.058270974956569,80.11692558938228
2.003704709587562,3.1468955094724147,53.630818933339775,2.363326218904893,-2.8695701803848275,3.7562106792745236
1.4564959782134184,0.7162956050382177,2.3757538523350457,0.20405511178002922,0.21608195969605415,6.459107282746233
-0.589328080862431,2.4252619197424607,26.944251477919288,-5.121647816500018,0.2246097838234808,150.47233144326037
0.9518158933751597,-0.17225692456744635,0.7486398563457592,-1.5944995619594633,-0.3016125060664835,11.16816662562349
0.8816261648814843,0.7760440366193255,3.0300317973591575,1.0918391096917133,-0.4010655824101814,1.9412496015160439
-0.6182734910517207,-2.7963956639819045,-36.190871566003786,0.8399528394714244,0.621740101119494,-1.47246212732642
1.0574929351505458,-4.169906704046214,-114.06815065297609,0.23085664402032446,-0.19113061737426967,3.6712496774234573
1.9200762289425084,-0.9313741043516954,-2.2277900903897048,0.5508916575174664,-1.9629152411697206,10.888295820957339
0.15667200431053896,-2.1889899904336447,-18.174815620680103,-0.8426053570435923,-0.9467045986629056,3.3447751179966936
0.7188891855411718,2.2496150676801006,22.389965361610596,2.416015592280371,-0.6676743388365729,-6.6708417036539265
1.0554108883400843,-0.23035782093788093,0.32205964132876336,-1.9836335704293275,0.1196306748426682,16.90514115378674
-2.4265082416244272,-3.408447550829998,-64.1410712679749,1.2335926413497655,25.066997663445918,-18.96343770282098
-1.5180929685337579,-1.5733520130305096,-7.7553137690565315,4.096460889681626,7.522843618646073,-53.13056940726654
-2.3376643474893366,2.1694800806812418,20.095031142523897,0.9745923583089969,22.912048544642936,-16.347923794506308
1.5387095751630673,2.3112949977446657,23.69245882204988,-0.5139258564553456,-0.8800924956952979,8.142070973567687
1.2618601068745865,0.5831200415567729,1.8762166899435322,1.49894437973388,-0.5959790475100122,2.646984476893945
-0.7019355132740062,-0.77117078701162,-1.696731537833849,-0.08826229676511332,0.8787032080498738,-0.5901604657432369
-2.2307121022022716,-2.4209320155516574,-23.875418618675955,2.237218383755719,20.26374323063963,-21.037105646860226
-1.083532255570683,1.5901309500864236,10.111894529476029,-0.2688303849599166,3.4884490001035364,-1.821142707803999
-3.3153213983464367,2.560007538939192,30.92770869548886,1.8732454192506893,55.84618312774153,-44.630330090613064
-1.9262805897020026,1.0774635264779042,5.007041091572858,-2.2764220498342285,13.909841203928366,9.372396967544452
-1.3972508548446432,-1.9195507708498576,-12.558240060515837,0.026945599507965934,6.262771602371579,-4.26194778015805
1.3394736166490413,0.08224438995180106,0.7088605649045736,-3.324764731214799,-0.7518764438176033,53.26882532278797
-0.7217863042087701,-0.10205905172772925,0.23690146168873666,-1.6581923823978737,1.1426386355543272,8.10283586181729
-0.6915548662641189,1.5697467290029026,9.297989036502516,-2.0242123892310158,1.0345661929855994,13.314606045578534
2.5686644262437013,0.5139630152869469,2.083389040574668,-2.6013202601490018,-6.76012522092583,47.35952180524466
0.5480881385047645,2.374637038329268,26.11977305249228,-1.8175373980621492,-0.7699826923495192,12.974190739042962
-2.037624734308493,-0.4842588108261703,-0.800044886114459,-0.9454421775736512,16.093378131815648,-7.887100427498816
-2.0905490325691103,-4.430377858718181,-135.92702079695655,-3.3699187537875606,17.266893266876593,37.53257565479592
-1.5392730708390638,-0.06508794102819948,0.010341743026119565,-2.257799907922078,8.136722759960284,12.880411496359836
2.2115624026486818,-0.8404082899928049,-2.054046816604787,-1.714074102618366,-3.6696108010313053,24.572579312040205
2.131142506527558,-1.0500957331204293,-2.362414578322429,3.0594714112865766,-3.4832246740674755,-5.2948253895369435
1.6047548136693228,0.7407018450109066,2.5538093860512605,1.7950212511368668,-1.170293076091429,3.9312811264068834
3.8327584470998204,3.0233974296400743,48.06172777925576,-2.1798797347807404,-30.20850642281138,78.59381668241743
2.448358071598623,2.9650239696454674,45.780954415376286,3.3299054873603344,-5.323744666235698,-6.085788397926655
-2.089335419454217,1.9247693504575152,15.025265687560367,2.3303245000983215,16.994824844982645,-19.89434476892731
2.0719494503288978,1.2605954520508067,5.6240055741442285,2.751814822526955,-2.919157757696214,-0.6733542445032411
3.403130226909795,2.8127363157711143,39.67538148787748,-3.9333372089945713,-19.336503121516994,118.61655100350134
0.7007580220993236,0.11293884994821468,1.2314586934309006,0.28294300752263996,-0.925930606459342,2.0191393642816284
1.2964445619367575,0.6603947738641762,1.9907001044281352,0.020441822075536298,-0.5384690157869091,5.02092377878082
4.177019420503321,0.9810248439888181,4.042488868837597,-0.10238816387347915,-40.81154439474251,78.12282647272178
-3.1087976426591073,3.0557058095275464,50.254503323278286,-1.3837065120998027,47.421831593695956,-27.73160794976166
-1.9846267611659993,-3.5583660098542484,-71.39301490360624,-2.387321261506086,15.229784684322908,10.156066857198615
-2.810959790371908,3.7311253733269254,86.61010860458278,-2.134620450825174,36.309477148541276,-10.284166860088519
2.765351804414369,1.6373868802844989,10.391147572592205,-1.637226513183289,-8.892582801869652,34.48554196182042
0.8230717673739993,1.2061962744011143,5.47132043309112,2.9496494391359107,-0.04404979753613769,-13.566207291778628
-2.5573742926298495,-2.0728363247921844,-15.910562663901521,0.4779276410551567,28.346432659214674,-20.14333602584691
0.8665579937044798,-3.2146799753285547,-53.85190348402157,-2.8418483757741875,-0.6116522387646777,34.458444697929885
-0.8694907590120067,-2.843019540182116,-38.20199262578668,-2.1439606346052478,1.7781616246547107,14.865052266055459
-0.04441742756331113,-0.5332587382694417,-0.4950021051762037,-1.7975331913787898,-1.047566835980694,11.474238024511584
1.5569360004604462,-4.215646739273913,-118.14092963227436,-3.24899711494701,-0.9010005754341583,52.50179215953655
1.66328562341097,0.3207012208996042,1.0774036441000083,-1.9576286414556008,-1.3938927399979184,21.105023726775304
-2.017366758257167,-2.650252395119398,-31.728154904068827,0.6965599159349214,15.940812665476948,-11.583777107500087
-2.9164410785666677,-1.6334424937375094,-8.624749110323448,-2.495882415895269,39.8969567634887,-5.1415319912419735
0.6212553025213139,0.19822634143753937,1.0277040429455997,3.239699506939589,-0.4002235801817071,-20.438914156847122
0.9292186040040236,-0.9833946784896487,-2.0613690818235253,2.3336574386221622,-0.21958648199791486,-5.035313771643269
0.6486808765210719,3.788703761359069,90.01432272823214,0.6984855618563257,-0.8542005590517487,2.054075141204136
2.6245831589897675,1.733155210022792,12.356238208861171,0.6146923161481985,-6.961855602368254,22.43034768592318
1.0999914741742842,0.5835224765765193,1.892251656975405,4.932011089777037,-0.3955280780743075,-82.31630519274067
-2.7370031263571133,2.696683693905413,35.50848648072,-0.07741130681182617,33.87383780990867,-24.013844090816104
-2.8262668738241072,-1.6217373036322968,-8.386930037381006,-0.3639167688223628,36.746787522899226,-25.186540517897566
3.2843329184221783,1.6318776880358743,10.411930284191476,-1.2930792364267985,-16.971966212106565,45.83543943120176
-2.0903160440411113,-0.8802781426737902,-1.7076663993547974,3.6867731620272064,17.544038749489246,-46.30308136694839
-1.5332740436353256,-1.892924179262195,-12.331045220989886,-3.9921203555896323,7.355795347564721,71.71017241289572
1.5415260742160863,1.8499036112084575,14.024671393214975,-0.8257018640168692,-0.7209062175619503,9.431515463920977
1.361299736100539,2.0340985851426394,17.364179351784447,-0.43956808177303697,-0.8844678851366188,7.063541220006952
-0.7131675891203048,-0.28680419837636917,0.12574364381125006,-1.5316211083082227,0.8232265640396672,6.526969633953762
3.0149582560192205,1.4878047337729765,8.862900782464013,1.4809128793912494,-12.46450913907834,29.986865458903583
-3.547722934552498,1.0300898311964737,4.449598247053481,1.4953137347431604,66.5378153108574,-51.29363338218136
1.45035922835623,3.1786186364134106,55.763383118763706,-0.5024094750922397,-0.4519194294718126,7.827871484292045
-1.9623631548724352,-0.7039542190936762,-0.5899489441170283,-2.1627284325475045,14.759420131002717,6.617927940007872
0.33569441938583755,1.0797631807367418,4.774044369788842,2.7914005289296995,-0.5221508024236403,-12.524064086731467
1.4136697962832692,-1.9614317204409983,-13.446941019164356,1.4966229942970677,-1.171411655914242,3.8124917742666318
2.523788313056272,0.6939800469614517,2.681023129958188,-0.7007580241041502,-6.2368971445783545,22.61379251486676
-0.14266270323042118,-0.43127977968769526,-0.24087875018108004,1.844263837942441,-1.2418200805619568,-3.58930772982239
0.13323618134758852,2.475453525998554,28.49881769977346,-0.3018869164381022,-0.2182200888961512,2.348229392855799
1.048034030069872,0.007515453203095063,0.7080899192362393,1.8375273220306458,0.035809941875522444,-0.07085202315736663
-0.3704765836876288,-0.7438968227625,-0.9947132395901376,-2.2119572564546486,-0.059316829065441876,17.402365318717035
-1.750290552819299,-3.3845887330463853,-62.168946063527606,-0.9984129264066666,10.920324852532708,-4.285959315589364
-2.177968209154563,-1.7860372608174022,-10.439143330824368,0.6796850519897274,19.168655215154057,-13.3792554069747
-0.3609928251114936,1.5085440155642504,8.67935551284837,-0.4605678167377233,-0.3676854396108072,1.1724649772807827
1.7777184085369175,2.9199981319131396,43.753015481617275,-1.1571347086749761,-1.4267838656465857,13.649021586157842
0.632645690956173,-1.8189955957565678,-11.551901761660531,1.3483745702944394,-0.44796990224755884,0.5510527395031204
0.11820035180128374,-0.6316128094824673,-0.6532609149957477,2.312382808039895,-0.9756610636136841,-6.925857924055036
1.281206361548528,1.1466961484741052,5.364036355735471,1.8627975562297567,-0.3063997172346537,1.0755676208804916
0.651036407707438,-0.3925812815743671,-0.06084374423242494,2.0232846116918846,-0.4127382135069655,-3.1792978332635564
-2.772538441149434,0.10431353747520067,1.1911777964356998,1.6279694336169674,35.09757362691121,-27.76941566051576
3.844364356134996,3.8481815612995205,94.63261716961703,-0.5500703916108542,-30.2115985202532,63.49115948268446
0.40315047363675705,-1.8246273749113462,-11.023828799159602,-3.5167153778599465,-0.5684945255200533,57.33517420238111
-2.3408443549796814,0.16275408684483705,1.386144847280544,-0.7434517674714867,23.148000026129907,-14.31971401818923
0.15555096536095278,2.8108669820547716,39.794241371518616,-2.918012637980171,-0.6757655474053519,35.267212095524314
-2.4425313012624255,2.720793552258828,36.780372709707514,1.2936331855319514,25.800137464337197,-18.783835443783012
1.4767127675555185,-4.333414589387087,-127.19722591310763,-1.2500725629106093,-1.3611297162354927,11.316220166881546
-1.7352238780554214,0.4533644358948191,2.1400321990354216,1.8040449733269859,10.494356996441427,-11.392089827075191
2.457636473115654,0.6024534054093471,1.6626052496052992,3.575756884518902,-4.9364867202213025,-11.835851167867068
1.4196739971949994,-1.6637998546700046,-8.72173793615048,-2.011147067371376,-0.6822811086307303,19.707878729089586
-0.3689320283368563,2.880267706099472,41.75982995945815,-1.0999473684869066,-0.41952946931765134,3.4694716303295867
1.77793515663541,-1.461473591360507,-6.436866914176121,-3.2685411158173463,-1.6818594040298103,55.3932946404639
-2.31817212794828,-2.4928971594492637,-25.89221710986301,-1.7849579237824955,22.4295904999213,-4.759472222243391
-0.7806689974138086,-1.96138227161038,-13.580849777642861,1.1047430546895074,2.053254873064013,-2.6266364460259153
0.03748971003952044,1.3176168215214632,6.5998660812776535,-2.1827294679201072,-0.874501344469797,17.997623286383313
-3.6541438299232873,0.5718960304751455,2.205954603791319,-2.5604219664659302,71.86947347741727,-28.734498151008243
-1.061420573072017,-0.35170458670829524,-0.17188964405262575,-1.481115207620936,3.247435706369027,4.312951803673911
1.5018923892668883,3.1985731635748014,56.41734477390156,0.8449882485799485,-1.0555675244970617,5.87746098535076
2.237918081015981,0.5872355218147625,1.9872489576271988,-3.199982508202271,-4.196616564878195,58.330399820055504
1.96774734574323,2.970039457587186,46.69312046963949,1.4290489033502674,-2.1817882121287937,9.736257821843823
2.8306532147246024,-0.7739926626081475,-1.2596052068128842,2.036782861445991,-10.108137595920256,22.71203532934678
1.8745550291355144,0.1983910025364619,0.7266347781730718,-1.3054525418170217,-2.242480916207998,15.551300647950335
-0.23223607159688764,-1.180281264962217,-4.133787369844526,-2.808465134561546,-0.4673199955636319,31.419584824139996
3.3619354113261144,1.123853829333133,4.9750925171494735,-1.2902197889687765,-18.47783604283344,48.14670777122897
1.487419530367587,-1.8169590116980858,-11.164811208937094,-2.168161619559205,-0.7538532770534974,22.941699367739893
2.1884031926424785,0.5386547620299709,1.5870002608907159,0.9607807300965594,-3.3551535796415366,14.112583519937557
0.6817021430207393,-3.0425322032137085,-46.08014658260721,0.11378442162512159,0.019008625313973182,2.176951123122955
-0.1480113807493067,-1.3763966187079033,-5.596113868736812,-0.7292267820730152,-0.2352492705795602,2.0518097211640667
1.306704177611946,-0.6309439768025485,-1.3122650984606314,-2.0693421020506,-0.5794612973856341,19.878352321784366
4.153196403346214,-0.07367807243798763,0.5789864570128526,-0.9697401967534826,-40.83925381350095,79.98226155509379
-1.4105802497549746,2.3716655374580853,25.652752159977766,3.674743807666485,6.5237592289357496,-38.043770584636455
0.3929189911091363,-0.7136302311115816,-1.114567711600392,2.9602491933564763,-0.2284189374203096,-15.59294248972901
1.0978354348448778,-1.7639606955478264,-10.130329508411076,1.3680341232286148,-0.6408278529932546,2.278429269484405
2.114374901529623,0.2165208782633541,1.067769498856577,0.6086601243555662,-3.3385663125474654,12.974918040069035
-0.15381191242180448,0.19360024888188737,1.132153291046698,-0.5078495146345519,-0.8463933316100019,1.2852243659204614
-0.24722353648542894,-1.0081423491493737,-2.3981190649711035,1.630397142786791,-0.12247733064229138,-2.371124911868826
-2.4322883665818478,1.4064176362465066,7.597367238053557,-0.1276158740773019,25.22110545202031,-17.576402331522868
0.6985063306392721,-0.4638008014721141,-0.08255172415547307,1.9980810346190814,-0.3176939211550471,-2.447025801873441
1.494371013258593,1.727236503049582,12.01840812635725,-1.602520984345566,-1.038923396969684,15.031499261623871
-2.8652858203572897,1.4744324497235752,8.290118931230511,-1.2341822068923374,37.99352450935482,-22.179219757727815
-2.772243226874467,0.6740441482700485,2.3555923394279463,2.4321626081765,35.387740040409696,-34.584016281297004
-0.9581809057085917,-1.576742949620702,-7.3372846546637644,1.4672453979448756,2.8799254131306866,-4.028497715447199
0.9230652526770412,-0.31165959322806186,0.4690567996950799,0.711224110398954,-0.6110513036705596,3.0043955258134636
-1.3759633585998223,1.5612824874757179,9.34514719460682,-2.061890110162728,5.7911590378808935,10.524056970534161
1.2780470521857792,-2.9933470864490075,-43.71740179466228,3.7427132267329277,-0.463406979834474,-30.807149697821153
-1.2533293626335347,1.7017634653685945,11.411925426199018,2.494571419513499,4.964942844127964,-13.232355951893112
-3.213723852388258,1.8840962588816188,14.848314701265931,2.6272045771391994,51.48269291561194,-49.47492630565455
0.6403257707343655,1.761549977504353,12.51426399328041,-1.5898184180278117,-0.48640712456885926,10.74380312363748
1.6382914309796648,1.6422283386823437,10.369912951611107,-0.6937295334434939,-0.5849614629687403,9.910557273948994
-1.6681566943965964,-0.14559916672239426,0.3495529291174516,0.6481774757300659,9.712704548480511,-7.162376597630117
-1.2463639677507605,0.7775999815733061,3.071436225812599,0.3245272655904954,4.436380279299983,-3.6126962642694025
-2.383254825589616,0.3655169586535406,1.184449010627197,1.8833717391639169,24.294534036029397,-20.714192507833246
1.8524924298417118,1.4565346327084374,8.089507966024707,-1.5166335370598634,-1.6734808283989324,17.49120875440119
0.6454484887083144,1.494673430411751,8.606228296667531,2.3112874490512465,-0.15228588874201737,-5.690669842537054
2.9059369350859514,0.6498369532865824,1.707176971321939,-0.20757863206333727,-10.735495377195107,29.746863795902158
-2.734314174221935,3.630204191117829,80.52593886772704,1.626111102730764,33.9716720207599,-26.516484080838
1.0652537950698897,0.9813017242186354,3.7611052355175763,0.27521807551389155,-0.4839926403360185,3.9509506887361425
1.0454661204479927,0.5021735971084575,2.3378653981792925,-3.1896210834888965,-0.9704662238083164,46.787222662311514
3.0432144665319587,-1.0061057079918694,-2.83436575403517,1.4316000308139365,-12.70422036153561,30.9117627861031
2.6014863234020247,-1.728158613900056,-9.608074093652709,2.663723533903359,-6.619434027511181,9.858126468086148
0.1300985991278477,-1.977344816705434,-13.995002402457349,-1.4732678148749887,-0.4360337900004054,7.590246862478052
1.4548346847343356,-1.000077966471236,-2.8163456246341676,0.4560096349461122,-0.72977779363266,5.6808295500812465
-1.6128575826666571,1.9839684159546884,16.66071376577191,-0.10270593809007028,9.414816668717334,-6.279249755222084
-2.460912840044274,2.8858127486634353,42.861710079763874,1.4104517333975084,26.258186145860908,-20.10887191270974
-0.9310930348319373,1.5428607157355578,9.05078802196994,2.5214210256008633,2.6908882224458677,-11.1929993102602
-1.7700344397791887,-0.565414728885709,-0.7068820367902482,-5.167863106010267,11.315110023688625,146.84683228897907
-1.3013082111138619,-0.30127885397115656,0.49945088125086556,2.0204931169321148,5.334789232324595,-8.84495181555283
-2.1663775529413227,0.03760724924573289,1.2362874228035758,1.855522005960833,18.92841451072662,-17.33274643036593
1.7478312716688358,-0.0025060306015032285,0.5357817824930281,0.9226339404235762,-1.5367244853958097,8.256758719202985
0.18173105456785899,-2.440939244247727,-24.70204900648607,3.3270137198422387,-0.7348348225892758,-23.7355057372984
-3.0349034481471335,0.268884145659371,0.7803272808987831,-0.9646028744479488,44.713654783226204,-28.770200483398547
-0.6292636847080657,-0.642179257299542,-0.8666602595366514,1.514310494136676,0.5287191741186266,-2.905176325720039
1.0966618132827224,1.1678528523087777,5.285339956513881,-1.3323433979271728,-0.1493631605708643,9.477587163559784
-2.4980743111286974,1.2300045035199914,6.362842652579354,1.0801537021342846,26.88174025149306,-19.7773272346413
-0.4578890579276817,1.5496048380723706,9.281533885592744,0.2728323014259164,0.19484816753640416,0.05570541981802424
-3.0964646953503614,-2.6513738394523814,-31.186278338313336,1.4115639300587972,46.8281572350191,-35.37710302446297
0.9038472610152308,-0.538799866947582,-0.7466914613365416,-3.135346311812851,-1.0143453279433592,44.11025899123965
2.5069137611549124,-1.461234198293947,-6.243221802477812,0.4796375924444571,-6.074932157302631,19.221114727320945
-1.0269082262685827,-2.1667868899587654,-17.8288662583921,-3.224985971923448,2.803051101225751,42.34188476390943
-0.4970347941509832,-1.6812369186336231,-9.29941141611629,3.505084503386171,0.0766700291570433,-29.314574985725617
-1.8953125191214752,-0.18349378531138888,-0.0007378791217030334,1.891939592328167,13.436144609120392,-13.237109244063706
4.399845160917257,2.900159791772673,43.21099205086787,3.4945016179919954,-49.046719595115775,61.08257147035
-1.8376969228560953,2.2326395347095422,21.33163608982767,2.4319514374887463,12.631079375383143,-17.97854929459641
-2.8369567044581467,0.12740161210801937,0.7024238053271379,1.0477693148748135,37.224649280799866,-27.96352658145963
0.07667801998486201,-4.1681120227394235,-114.21544355332752,2.0869374216149637,-0.30678439634327975,-4.6437255292130635
-3.4475857049564165,3.0298616589459884,48.64001929569255,-0.00468015850270298,61.37841101195442,-44.86464264832053
0.49920003508333144,-1.6078330715311977,-8.361006454934644,-0.5862475308363937,-0.6372745445157971,2.731087478119588
2.647239182421618,-0.3051741450973011,0.13693219431772077,-2.7992297487437523,-7.469111203603263,54.56612165865056
-2.794494694559507,3.2186856998032947,57.714221247886215,2.6191086091217204,36.34357833332334,-36.84759142154682
2.8286012521599613,-1.9650139218214675,-14.174020322717988,-3.5632872277126397,-9.357988043525127,84.37746119523055
2.111432062079115,-0.22262179946769695,0.3994411332716703,-2.604402389385373,-2.5387307238200982,38.93997580303216
-2.15993734820991,-0.5254489507918131,-0.8092283132933826,-0.28994387578015557,18.41147572304108,-11.88100106799092
-0.48669216520936953,-2.0128735215473657,-14.556914925846748,-1.4630626410651102,0.08315987487759799,7.194446159968994
